,response,y_pred,y_pred_proba,Accuracy
0,1,1,0.9998103124412698,True
1,0,0,8.913633957875847e-05,True
2,1,1,0.9997273119125474,True
3,1,1,0.9997761513989097,True
4,1,1,0.9995315185326983,True
5,0,0,0.00018833163528963958,True
6,1,1,0.999747221448498,True
7,0,0,0.00021968385131196656,True
8,1,1,0.9997147201855168,True
9,1,1,0.9997490043260567,True
10,1,1,0.9998063833965696,True
11,1,1,0.9997132407831659,True
12,0,0,9.253328985027562e-05,True
13,0,0,8.36690270677404e-05,True
14,0,0,9.26847309922148e-05,True
15,1,1,0.9998026957861567,True
16,1,1,0.9997946557146834,True
17,0,0,8.690521908331007e-05,True
18,1,1,0.999801257456651,True
19,1,1,0.9998190471393331,True
20,1,1,0.9998146693464385,True
21,1,1,0.9998047601275374,True
22,1,1,0.9998206011854763,True
23,1,1,0.9998154350620282,True
24,0,0,0.0001412112746319439,True
25,0,0,9.715438076833814e-05,True
26,0,0,8.337822868083494e-05,True
27,1,1,0.9994314749083515,True
28,0,0,0.00010029875871162237,True
29,1,1,0.9997808236409896,True
30,0,0,8.564575854903666e-05,True
31,1,1,0.9998032252751171,True
32,0,0,8.217380030954892e-05,True
33,0,0,8.57136433134069e-05,True
34,0,0,8.71938554895434e-05,True
35,0,0,8.237583603575415e-05,True
36,0,0,0.00010149317235801034,True
37,1,1,0.9998089923508038,True
38,0,0,8.462999160283575e-05,True
39,0,0,9.419840776591172e-05,True
40,1,1,0.9996462406749397,True
41,0,0,8.270511531482976e-05,True
42,0,0,0.00010478084417286737,True
43,0,0,9.414604646185409e-05,True
44,0,0,8.868630713641291e-05,True
45,0,0,8.232880688290553e-05,True
46,0,0,8.213525510686238e-05,True
47,0,0,8.22368087941759e-05,True
48,0,0,0.00010388572293203897,True
49,0,0,9.073611880924286e-05,True
50,0,0,8.214788970286333e-05,True
51,0,0,8.78778093672241e-05,True
52,0,0,9.022749244708994e-05,True
53,0,0,8.241960983020288e-05,True
54,0,0,8.262668299292199e-05,True
55,0,0,8.259774394590058e-05,True
56,0,0,9.89368539673679e-05,True
57,1,1,0.9988457708566597,True
58,0,0,8.225799108524611e-05,True
59,0,0,8.635204383482091e-05,True
60,0,0,8.224714066576129e-05,True
61,0,0,8.287121402279916e-05,True
62,0,0,8.650028792118073e-05,True
63,0,0,8.211288180974622e-05,True
64,0,0,0.0001184427463867638,True
65,0,0,8.23023532656647e-05,True
66,0,0,9.36081753564309e-05,True
67,0,0,9.416681782574455e-05,True
68,0,0,8.311046648843257e-05,True
69,0,0,8.704133424276435e-05,True
70,0,0,0.00011569331266122415,True
71,0,0,0.00011015783451374773,True
72,0,0,0.0001221211553884164,True
73,0,0,8.491646074486174e-05,True
74,0,0,8.239523769388657e-05,True
75,1,1,0.9997622943735852,True
76,0,0,0.0001005337038287048,True
77,0,0,0.00010660016733069451,True
78,0,0,8.272002645640748e-05,True
79,0,0,8.767200054886328e-05,True
80,0,0,0.00012761879081929245,True
81,0,0,8.349675562155381e-05,True
82,0,0,8.317152028781048e-05,True
83,0,0,8.65318353082918e-05,True
84,1,1,0.9997526086469881,True
85,0,0,8.30311268340807e-05,True
86,0,0,8.273969201574189e-05,True
87,0,0,8.954054846404694e-05,True
88,0,0,8.4814441757114e-05,True
89,0,0,8.791646465492432e-05,True
90,0,0,8.535993988584311e-05,True
91,0,0,8.254538786138794e-05,True
92,0,0,8.77065973548518e-05,True
93,0,0,8.212669429109737e-05,True
94,0,0,8.218772630474073e-05,True
95,1,1,0.9997824365693532,True
96,0,0,8.226918896259147e-05,True
97,0,0,8.428904913937842e-05,True
98,0,0,0.00011277799215148337,True
99,0,0,0.00010304457709523142,True
100,0,0,0.00010274426614873729,True
101,0,0,8.318490667535567e-05,True
102,0,0,8.315559781534413e-05,True
103,0,0,8.629495295883406e-05,True
104,0,0,8.640085800147576e-05,True
105,0,0,8.410835440699795e-05,True
106,0,0,8.479373917451981e-05,True
107,0,0,8.374491315441003e-05,True
108,0,0,8.51274354016437e-05,True
109,1,1,0.9995825009230361,True
110,0,0,8.30789018039478e-05,True
111,0,0,8.576516447941474e-05,True
112,0,0,0.00010319177136682323,True
113,0,0,9.40056781411016e-05,True
114,0,0,8.973235694853158e-05,True
115,0,0,8.373427008220169e-05,True
116,0,0,9.65553519581911e-05,True
117,0,0,8.706718910403481e-05,True
118,0,0,8.219782775132549e-05,True
119,0,0,8.444128087384514e-05,True
120,0,0,0.00012106994738031687,True
121,0,0,9.752698189938548e-05,True
122,0,0,0.0002649915176402183,True
123,0,0,9.68131704730267e-05,True
124,0,0,0.00011293946378626541,True
125,0,0,0.00010393555476155888,True
126,0,0,8.433798752326649e-05,True
127,0,0,9.134378480082381e-05,True
128,0,0,8.908559985632122e-05,True
129,0,0,8.217217102081117e-05,True
130,0,0,8.315573996413001e-05,True
131,0,0,8.62082417024353e-05,True
132,0,0,8.286502603612765e-05,True
133,0,0,8.251315971590177e-05,True
134,1,1,0.9995925314878216,True
135,0,0,9.585746556028427e-05,True
136,0,0,8.284533383910768e-05,True
137,0,0,9.976743938455192e-05,True
138,0,0,0.00011024182923917179,True
139,0,0,0.00013202139738984677,True
140,0,0,8.23795349027439e-05,True
141,0,0,8.27028123438117e-05,True
142,0,0,8.281261621150444e-05,True
143,0,0,9.791363254979253e-05,True
144,0,0,8.262782494990047e-05,True
145,0,0,0.00011383819146084073,True
146,0,0,8.298270704043919e-05,True
147,0,0,0.00012481562250445103,True
148,1,1,0.999784793358465,True
149,0,0,8.222490518120338e-05,True
150,0,0,8.293662042808939e-05,True
151,0,0,8.240770263110771e-05,True
152,0,0,8.464884637750474e-05,True
153,0,0,8.58330945421867e-05,True
154,0,0,9.729943611740726e-05,True
155,0,0,9.685283930153355e-05,True
156,0,0,8.386881649979948e-05,True
157,0,0,9.569764745737137e-05,True
158,0,0,8.888468821869288e-05,True
159,0,0,9.329980079580434e-05,True
160,0,0,9.295113845128354e-05,True
161,0,0,0.00010397871297718772,True
162,0,0,9.629838355331593e-05,True
163,0,0,8.227964387920956e-05,True
164,0,0,0.00010057934902051416,True
165,0,0,9.349268456957135e-05,True
166,0,0,8.265982434781991e-05,True
167,0,0,0.00010594787591774496,True
168,0,0,8.823648721220407e-05,True
169,0,0,8.640009402872908e-05,True
170,1,1,0.9997375465666031,True
171,1,1,0.9997097303052339,True
172,1,1,0.9997693033733002,True
173,0,0,8.626707118102954e-05,True
174,0,0,0.00010490070190787366,True
175,0,0,8.220726244793148e-05,True
176,0,0,0.0001014851047615761,True
177,0,0,0.00011276439714746244,True
178,0,0,0.00013688172045947677,True
179,0,0,8.825208391305273e-05,True
180,0,0,0.00011113598400201251,True
181,0,0,8.218903096345566e-05,True
182,0,0,8.566606095768638e-05,True
183,0,0,9.665246872017184e-05,True
184,0,0,0.00010109917520220926,True
185,0,0,8.340050664087393e-05,True
186,0,0,0.00013774191788297897,True
187,0,0,8.480656153330496e-05,True
188,0,0,8.374025255329453e-05,True
189,0,0,0.00011276439714746244,True
190,0,0,9.018702466757142e-05,True
191,1,1,0.9997468337419239,True
192,0,0,8.256567773329207e-05,True
193,0,0,8.222198351770125e-05,True
194,0,0,8.265915477721426e-05,True
195,0,0,0.00015192080539192575,True
196,0,0,0.00032390706636474845,True
197,0,0,8.207920131297865e-05,True
198,0,0,8.542227953709879e-05,True
199,0,0,0.00016297205229433517,True
200,0,0,0.00010123812311370617,True
201,0,0,8.94642404112484e-05,True
202,0,0,0.00011115037020773969,True
203,0,0,0.00010583843826005982,True
204,0,0,8.456444326025223e-05,True
205,0,0,8.234095981882894e-05,True
206,1,1,0.9998152931171316,True
207,0,0,8.597457198514447e-05,True
208,0,0,8.60066894061174e-05,True
209,0,0,8.260718459915418e-05,True
210,0,0,8.699297081929045e-05,True
211,0,0,8.232705546232686e-05,True
212,0,0,8.241939753559209e-05,True
213,0,0,8.477132460826253e-05,True
214,0,0,8.386861349448052e-05,True
215,0,0,0.0001703622617658631,True
216,0,0,8.517032357828027e-05,True
217,0,0,8.573059090830611e-05,True
218,0,0,0.00013260343615849486,True
219,0,0,8.426403103286832e-05,True
220,0,0,0.00010830798717507838,True
221,0,0,8.939275531264366e-05,True
222,0,0,8.495837581075584e-05,True
223,0,0,0.00010310150871199304,True
224,0,0,8.428561347360743e-05,True
225,0,0,8.618709503770453e-05,True
226,0,0,8.349100364335259e-05,True
227,0,0,8.272383192393904e-05,True
228,0,0,8.941231363825835e-05,True
229,0,0,8.221622463148853e-05,True
230,0,0,8.394361029161399e-05,True
231,0,0,8.866520649036001e-05,True
232,0,0,8.990330486101151e-05,True
233,0,0,8.247316828321634e-05,True
234,0,0,8.497641344005726e-05,True
235,0,0,8.281581080219672e-05,True
236,0,0,8.555765514179657e-05,True
237,0,0,8.274909354721302e-05,True
238,0,0,8.30797249802085e-05,True
239,0,0,8.386861349448052e-05,True
240,0,0,8.478732633841644e-05,True
241,0,0,8.243036248649753e-05,True
242,0,0,8.295289984241113e-05,True
243,0,0,8.216333068723169e-05,True
244,0,0,8.257319171067797e-05,True
245,0,0,9.588793770822408e-05,True
246,0,0,8.579562456122025e-05,True
247,0,0,8.281287667425853e-05,True
248,0,0,8.261623649311097e-05,True
249,0,0,8.221977514695257e-05,True
250,0,0,8.676120889086914e-05,True
251,0,0,8.258141469704504e-05,True
252,0,0,9.162897706759844e-05,True
253,0,0,8.757356928286726e-05,True
254,1,1,0.9994641666562556,True
255,0,0,8.28603202062105e-05,True
256,0,0,9.191479217207821e-05,True
257,0,0,8.933883501847643e-05,True
258,0,0,8.762177994580062e-05,True
259,0,0,8.516206212648558e-05,True
260,0,0,0.00011546515396926627,True
261,0,0,8.259005553625952e-05,True
262,0,0,9.792299960308001e-05,True
263,0,0,8.47688183693793e-05,True
264,0,0,0.00010467219291076937,True
265,0,0,0.0008636308437780469,True
266,0,0,8.590870224944439e-05,True
267,0,0,0.00014142926115495648,True
268,0,0,8.262178481666858e-05,True
269,0,0,0.0001314502180409683,True
270,0,0,9.30983348053765e-05,True
271,0,0,0.00012845954817967392,True
272,0,0,0.00010892520220069078,True
273,0,0,8.505084178081852e-05,True
274,0,0,8.239075245598888e-05,True
275,0,0,9.2435637622542e-05,True
276,1,1,0.9991804952497346,True
277,1,1,0.9996915467214478,True
278,0,0,8.374584773808881e-05,True
279,1,1,0.999583980371374,True
280,0,0,8.613290479733977e-05,True
281,0,0,9.361278958228429e-05,True
282,0,0,9.067134847387385e-05,True
283,0,0,8.526355708451517e-05,True
284,0,0,8.227642842252814e-05,True
285,0,0,0.00012339112239297714,True
286,0,0,8.691231440409135e-05,True
287,0,0,8.494933253621736e-05,True
288,0,0,8.660832686212822e-05,True
289,0,0,0.00010640472959727784,True
290,0,0,8.264817193960922e-05,True
291,0,0,8.348762821839723e-05,True
292,0,0,9.032080004354986e-05,True
293,0,0,8.240307836396713e-05,True
294,0,0,8.293879020212316e-05,True
295,0,0,0.000165874870831715,True
296,0,0,8.225108156765679e-05,True
297,0,0,9.361278958228429e-05,True
298,0,0,8.259773165412799e-05,True
299,0,0,8.389034347843464e-05,True
300,0,0,8.218575563598233e-05,True
301,0,0,8.239664722504587e-05,True
302,0,0,8.320410418729457e-05,True
303,0,0,8.250680276274176e-05,True
304,0,0,8.506571853021237e-05,True
305,0,0,8.219298805814256e-05,True
306,0,0,0.0001362633433170675,True
307,0,0,8.229892009597881e-05,True
308,0,0,0.0001434344039781026,True
309,0,0,0.00018259416041188116,True
310,0,0,8.395402693181354e-05,True
311,0,0,8.296036028882969e-05,True
312,0,0,0.00010159585319902673,True
313,0,0,8.288987092224717e-05,True
314,0,0,0.00013418180380263544,True
315,0,0,9.528280021763377e-05,True
316,0,0,8.299599217959331e-05,True
317,0,0,8.746198343273298e-05,True
318,0,0,8.25334491824132e-05,True
319,0,0,8.209283391739599e-05,True
320,0,0,8.399992787881006e-05,True
321,0,0,8.483044094866587e-05,True
322,0,0,8.380417074400793e-05,True
323,0,0,0.00010434673716682305,True
324,0,0,8.338385294552063e-05,True
325,0,0,0.00015621023972775568,True
326,0,0,0.00031411006879492753,True
327,0,0,0.00011454963484498498,True
328,0,0,8.29117887078563e-05,True
329,0,0,8.480024000015044e-05,True
330,0,0,8.580366815855704e-05,True
331,0,0,9.785584944403058e-05,True
332,1,1,0.9997726265386869,True
333,0,0,8.366165473802198e-05,True
334,1,1,0.9996819492161805,True
335,0,0,8.220133739532566e-05,True
336,0,0,8.214902433226459e-05,True
337,0,0,8.276056165253892e-05,True
338,0,0,8.366645689182556e-05,True
339,0,0,0.00011969368217999784,True
340,0,0,9.300607609922357e-05,True
341,0,0,8.348849477992547e-05,True
342,0,0,9.264829282618983e-05,True
343,0,0,8.495156978800119e-05,True
344,0,0,0.00010365546312989332,True
345,0,0,8.61843691578763e-05,True
346,0,0,8.444925534877594e-05,True
347,0,0,0.0001134478478385061,True
348,0,0,0.00012444764299597417,True
349,0,0,0.00010377745366572416,True
350,0,0,8.476507523275944e-05,True
351,0,0,9.292810496240613e-05,True
352,0,0,0.00011260622613450894,True
353,0,0,8.814891492861255e-05,True
354,0,0,8.975462403114523e-05,True
355,0,0,0.00012204453789733644,True
356,0,0,8.227784818638911e-05,True
357,0,0,9.022816680075351e-05,True
358,0,0,9.095100216406583e-05,True
359,0,0,0.00016065800587721415,True
360,0,0,8.51578976592599e-05,True
361,0,0,8.472937061100291e-05,True
362,0,0,0.00013469047082254642,True
363,0,0,9.736391044183763e-05,True
364,1,1,0.9998190998382367,True
365,0,0,8.701407970140808e-05,True
366,0,0,0.0001483742700552238,True
367,0,0,8.541496521786748e-05,True
368,0,0,8.496231710969085e-05,True
369,0,0,0.00015366731229871824,True
370,0,0,8.841321635969891e-05,True
371,0,0,8.24444463480147e-05,True
372,0,0,8.272346777706868e-05,True
373,0,0,8.512318271696228e-05,True
374,0,0,8.725730924411699e-05,True
375,0,0,8.39131182825399e-05,True
376,0,0,8.246400578158196e-05,True
377,0,0,8.45090042652639e-05,True
378,0,0,0.00012952148047143627,True
379,0,0,9.398174703387619e-05,True
380,1,1,0.9996861399223862,True
381,0,0,0.00010089341035964089,True
382,0,0,8.304440194730531e-05,True
383,0,0,8.383176281066495e-05,True
384,0,0,8.554861316527387e-05,True
385,0,0,8.821357545548229e-05,True
386,0,0,8.654741949805649e-05,True
387,0,0,8.671211348238372e-05,True
388,0,0,8.623892660990085e-05,True
389,0,0,0.00011006568507591067,True
390,0,0,9.891705485966109e-05,True
391,0,0,9.2620020315893e-05,True
392,0,0,8.623892660990085e-05,True
393,0,0,8.906872935121649e-05,True
394,0,0,8.946471808926106e-05,True
395,0,0,8.574538302260726e-05,True
396,0,0,8.68615003096074e-05,True
397,0,0,8.48927566078737e-05,True
398,0,0,0.00010646177108172962,True
399,0,0,8.300476505676739e-05,True
400,0,0,8.213966405576813e-05,True
401,0,0,8.494933266465068e-05,True
402,0,0,8.674064432269656e-05,True
403,0,0,8.477357481403854e-05,True
404,0,0,8.63726614895716e-05,True
405,0,0,8.452730092472588e-05,True
406,0,0,9.696988627246099e-05,True
407,0,0,8.7268564878818e-05,True
408,0,0,8.298679877357895e-05,True
409,0,0,9.020166649257844e-05,True
410,0,0,8.63978348393375e-05,True
411,0,0,8.219439785141551e-05,True
412,0,0,8.323604797700059e-05,True
413,0,0,8.470029914853416e-05,True
414,0,0,8.59718469963479e-05,True
415,0,0,0.00011381502282958193,True
416,0,0,8.255828135058975e-05,True
417,0,0,8.508687995609287e-05,True
418,0,0,8.222820585514872e-05,True
419,0,0,9.153531257831714e-05,True
420,0,0,8.674064432269656e-05,True
421,0,0,8.939493005644763e-05,True
422,0,0,9.135763687479689e-05,True
423,0,0,8.26875793825673e-05,True
424,0,0,8.414644395947143e-05,True
425,0,0,8.604381381867681e-05,True
426,1,1,0.9995196101119734,True
427,0,0,8.221848013645275e-05,True
428,0,0,8.257892902094444e-05,True
429,0,0,8.24256317386151e-05,True
430,0,0,0.00010396123875821191,True
431,0,0,8.321005176259078e-05,True
432,0,0,8.400396699042987e-05,True
433,0,0,0.00011729181209664191,True
434,0,0,8.236984476796394e-05,True
435,0,0,0.00011016101893869221,True
436,0,0,9.421798655948297e-05,True
437,0,0,0.00011538711019940563,True
438,0,0,8.452730092472588e-05,True
439,0,0,8.236025771681602e-05,True
440,0,0,8.282264457650963e-05,True
441,0,0,8.322552387535976e-05,True
442,0,0,8.523281686534399e-05,True
443,0,0,8.451428907860021e-05,True
444,0,0,8.456393539730595e-05,True
445,0,0,8.296767321631517e-05,True
446,0,0,9.903786777002877e-05,True
447,0,0,8.213029057723933e-05,True
448,0,0,9.069333737167009e-05,True
449,0,0,0.00010079880317353872,True
450,1,1,0.9996914096671048,True
451,0,0,0.00011234536376401921,True
452,0,0,0.00015166259456887482,True
453,0,0,8.386470766798442e-05,True
454,1,1,0.9996899781854441,True
455,1,1,0.9997182413129417,True
456,1,1,0.9993116780018524,True
457,0,0,9.704102647075082e-05,True
458,1,1,0.9983754164051677,True
459,0,0,0.0001305372226518131,True
460,0,0,0.00018698292100974368,True
461,0,0,8.541942729651705e-05,True
462,0,0,8.386126083327563e-05,True
463,0,0,9.341975358554261e-05,True
464,0,0,8.328773375758783e-05,True
465,0,0,8.821300577537511e-05,True
466,0,0,0.00010951609288349365,True
467,0,0,8.29314763550171e-05,True
468,0,0,0.0001022916661617601,True
469,0,0,8.363439708518439e-05,True
470,0,0,0.00011203676117354337,True
471,0,0,8.424298982257666e-05,True
472,0,0,8.370512156140549e-05,True
473,0,0,8.211347645104521e-05,True
474,0,0,8.229320100826519e-05,True
475,0,0,8.216641784088593e-05,True
476,0,0,0.0001107548662761402,True
477,0,0,8.266933512908281e-05,True
478,0,0,0.0001136182616244773,True
479,0,0,9.480425176819296e-05,True
480,1,1,0.9997926295893512,True
481,0,0,8.235676924619709e-05,True
482,0,0,8.475812078745196e-05,True
483,0,0,9.392316483972534e-05,True
484,0,0,8.321117117266057e-05,True
485,0,0,8.572908645580349e-05,True
486,0,0,8.359501312464876e-05,True
487,0,0,9.540077806156186e-05,True
488,0,0,8.785546100437262e-05,True
489,0,0,0.0002554475093051796,True
490,0,0,9.274001192841672e-05,True
491,0,0,9.27457802460493e-05,True
492,0,0,8.22408306827276e-05,True
493,0,0,0.00010340561957910488,True
494,0,0,0.00025067824183189083,True
495,0,0,0.00010610374096064458,True
496,0,0,8.214445423191194e-05,True
497,0,0,8.63721140127601e-05,True
498,0,0,9.754386054145112e-05,True
499,0,0,8.326670572402998e-05,True
500,0,0,0.0001099410846664168,True
501,0,0,9.047466455392047e-05,True
502,0,0,8.297789787840773e-05,True
503,0,0,0.00010917011131332688,True
504,0,0,9.007067510715733e-05,True
505,0,0,9.282519553659625e-05,True
506,0,0,8.39655648686656e-05,True
507,0,0,8.220069607612582e-05,True
508,0,0,8.279830558532735e-05,True
509,0,0,0.00010314604426693255,True
510,0,0,0.00014383916719842407,True
511,0,0,0.00010576076078661759,True
512,0,0,8.563098218382484e-05,True
513,0,0,0.00011297218418375375,True
514,0,0,8.277299240825802e-05,True
515,0,0,8.253573459549177e-05,True
516,1,1,0.9995271690922134,True
517,0,0,9.003433985053337e-05,True
518,0,0,0.000132513861881376,True
519,0,0,0.00010348823790342139,True
520,0,0,8.891306858452175e-05,True
521,0,0,8.616242368175496e-05,True
522,0,0,8.61887419107786e-05,True
523,0,0,8.891306858452175e-05,True
524,0,0,8.222814276963776e-05,True
525,0,0,8.243178768596201e-05,True
526,0,0,8.471995560720822e-05,True
527,0,0,0.00011672253935568491,True
528,0,0,9.034762912161175e-05,True
529,0,0,8.36371070323867e-05,True
530,0,0,8.394242154759599e-05,True
531,0,0,8.557784626611724e-05,True
532,0,0,0.00013166860875121953,True
533,0,0,8.460213679117794e-05,True
534,0,0,8.539397345015398e-05,True
535,0,0,8.492105425972938e-05,True
536,0,0,8.238431948172363e-05,True
537,0,0,8.214095622839646e-05,True
538,0,0,8.264366398384549e-05,True
539,0,0,8.578274245637886e-05,True
540,0,0,8.265891531894226e-05,True
541,1,1,0.9995909441765873,True
542,1,1,0.999675262860127,True
543,0,0,0.0001501282309273076,True
544,0,0,9.055173843155585e-05,True
545,0,0,0.00010942122541855856,True
546,0,0,8.289983462281066e-05,True
547,0,0,8.309165331058099e-05,True
548,0,0,8.876340704844338e-05,True
549,0,0,8.825015116300311e-05,True
550,1,1,0.9996360716763066,True
551,0,0,0.0001840305407832277,True
552,1,1,0.9994476653895329,True
553,1,1,0.9994678501176768,True
554,0,0,0.00014804930105636292,True
555,1,1,0.9996525146727615,True
556,1,1,0.999761128719251,True
557,0,0,0.00021263754158424282,True
558,1,1,0.9997963471340543,True
559,0,0,0.0002967807309573425,True
560,1,1,0.9997131774926604,True
561,0,0,0.00016605576418477202,True
562,1,1,0.999783983340385,True
563,1,1,0.9997729652740589,True
564,1,1,0.9992086128711699,True
565,0,0,0.00012145899911337714,True
566,1,1,0.9998011679186936,True
567,1,1,0.9993157454402829,True
568,0,0,0.00010173391314730897,True
569,1,1,0.9997320012396108,True
570,0,0,0.0001965620638426331,True
571,1,1,0.9997145047348742,True
572,0,0,0.00010255829341043575,True
573,0,0,8.724846882739939e-05,True
574,1,1,0.9995446395748553,True
575,0,0,0.00010389583915222994,True
576,1,1,0.9996964558414462,True
577,1,1,0.9995624271693893,True
578,0,0,0.00011372505424268459,True
579,0,0,9.762903175303893e-05,True
580,1,1,0.9997839523171197,True
581,1,1,0.9996687592909212,True
582,0,0,9.874846291625008e-05,True
583,1,1,0.9997085112155345,True
584,1,1,0.9997797310786463,True
585,1,1,0.9994873209671187,True
586,1,1,0.9995498014346569,True
587,0,0,0.00013563108745115723,True
588,0,0,0.0001637532717306184,True
589,0,0,0.00015414096621322928,True
590,0,0,0.0002705373061616002,True
591,1,1,0.9996246462881104,True
592,1,1,0.9996475905217581,True
593,1,1,0.9996070128362976,True
594,1,1,0.9995950038340902,True
595,1,1,0.9995632140660882,True
596,1,1,0.9997237493894297,True
597,0,0,0.000238972793052894,True
598,1,1,0.9997789746307537,True
599,1,1,0.9996536153206844,True
600,1,1,0.9997171656149086,True
601,1,1,0.9991782092542866,True
602,1,1,0.9996511415938697,True
603,1,1,0.9997780315565699,True
604,1,1,0.9996320216739865,True
605,1,1,0.9997507069968736,True
606,1,1,0.9997839804920844,True
607,1,1,0.9996726112954958,True
608,1,1,0.9997056250116563,True
609,1,1,0.9996824243037554,True
610,0,0,9.149003250020688e-05,True
611,1,1,0.9997126420392912,True
612,1,1,0.9997063137217498,True
613,0,0,0.00011868103446241701,True
614,0,0,9.307942031323648e-05,True
615,0,0,0.00013355383219183637,True
616,0,0,8.59095975699786e-05,True
617,0,0,0.00010154916321560547,True
618,0,0,9.144750760611511e-05,True
619,0,0,8.356908625012317e-05,True
620,0,0,8.321505104687149e-05,True
621,0,0,8.21472759763746e-05,True
622,0,0,8.437168092746057e-05,True
623,0,0,8.989475074046483e-05,True
624,0,0,8.475195695386338e-05,True
625,0,0,8.376587042271605e-05,True
626,0,0,9.069871595995756e-05,True
627,0,0,8.28524490537803e-05,True
628,0,0,0.0001323907009822061,True
629,0,0,9.151428536714966e-05,True
630,1,1,0.9997413720271056,True
631,1,1,0.9996550570813378,True
632,1,1,0.999773529855239,True
633,0,0,8.46558510871037e-05,True
634,0,0,0.00010364180506144938,True
635,0,0,9.027761950576623e-05,True
636,0,0,8.7491224100418e-05,True
637,0,0,9.315103303276023e-05,True
638,0,0,8.587952232438364e-05,True
639,0,0,8.98064990822997e-05,True
640,0,0,8.731190254628085e-05,True
641,0,0,0.0001628147314735902,True
642,0,0,8.36404181204467e-05,True
643,0,0,8.547879769542759e-05,True
644,0,0,9.869513405138572e-05,True
645,1,1,0.9997784742887583,True
646,0,0,9.405677447126405e-05,True
647,0,0,8.336095274870273e-05,True
648,0,0,9.501632438568226e-05,True
649,0,0,8.302919357624475e-05,True
650,0,0,9.552709289377802e-05,True
651,0,0,8.993104170100223e-05,True
652,0,0,9.852147553414875e-05,True
653,0,0,9.597301594932538e-05,True
654,0,0,8.401936496635927e-05,True
655,0,0,8.494599936814861e-05,True
656,0,0,8.377052570504186e-05,True
657,1,1,0.9997607588067541,True
658,0,0,8.99293553666111e-05,True
659,1,1,0.9996386621335969,True
660,0,0,9.621609231237404e-05,True
661,0,0,8.331796331363409e-05,True
662,0,0,8.408865872083568e-05,True
663,0,0,8.22363720625313e-05,True
664,0,0,8.360163873793436e-05,True
665,0,0,8.617382851267972e-05,True
666,1,1,0.9994745479903692,True
667,0,0,8.241668592285144e-05,True
668,1,1,0.9996643044658463,True
669,0,0,8.568187912747268e-05,True
670,1,1,0.9979846358557459,True
671,0,0,8.439536188012464e-05,True
672,1,1,0.999804013459163,True
673,0,0,0.00031833082958763895,True
674,0,0,9.589615607695903e-05,True
675,0,0,9.445897275459993e-05,True
676,0,0,8.255514712409322e-05,True
677,0,0,9.429287553371199e-05,True
678,0,0,0.00011121319976268863,True
679,0,0,0.0001930317245932554,True
680,0,0,8.737110021028301e-05,True
681,0,0,8.26902067469162e-05,True
682,0,0,0.00011961336736035394,True
683,0,0,9.348117101329463e-05,True
684,0,0,8.527126418742078e-05,True
685,0,0,8.749538979269506e-05,True
686,0,0,0.00018576261718935687,True
687,0,0,0.00013171682157287634,True
688,1,1,0.9995550218054322,True
689,1,1,0.9996643044658463,True
690,0,0,8.241668592285144e-05,True
691,0,0,8.549822020294767e-05,True
692,0,0,8.531399569690087e-05,True
693,1,1,0.999669900710789,True
694,0,0,8.44301286969316e-05,True
695,0,0,8.845116956256055e-05,True
696,0,0,8.591292215861943e-05,True
697,0,0,8.530027316180845e-05,True
698,0,0,8.437952890593542e-05,True
699,1,1,0.9997264219032933,True
700,1,1,0.9997373393268775,True
701,1,1,0.9996428774432692,True
702,0,0,0.00012138456504896357,True
703,0,0,8.310644516414742e-05,True
704,1,1,0.9997127573230448,True
705,0,0,9.367748382949313e-05,True
706,0,0,8.335161635529205e-05,True
707,0,0,8.32289874116984e-05,True
708,0,0,8.776587848747424e-05,True
709,1,1,0.9997586970653648,True
710,0,0,8.952318301650255e-05,True
711,0,0,8.222066060385751e-05,True
712,0,0,8.795874579146629e-05,True
713,1,1,0.9997961543258801,True
714,0,0,8.255132665039197e-05,True
715,0,0,0.0001876401251693598,True
716,0,0,8.266419918752462e-05,True
717,0,0,9.571819287123729e-05,True
718,0,0,8.574383217109554e-05,True
719,0,0,8.530961361036784e-05,True
720,0,0,8.365975404238919e-05,True
721,0,0,8.276243704948988e-05,True
722,0,0,0.00012480476761849815,True
723,0,0,9.017605463521966e-05,True
724,0,0,8.347674243602126e-05,True
725,0,0,8.438222782263303e-05,True
726,0,0,8.21349440018391e-05,True
727,0,0,0.0001310859773898235,True
728,0,0,8.540655341429837e-05,True
729,0,0,8.223957581160372e-05,True
730,0,0,0.00012253133797873668,True
731,0,0,8.999335782738651e-05,True
732,0,0,0.00014333629251860275,True
733,0,0,8.870600625217169e-05,True
734,1,1,0.9993770341537255,True
735,0,0,8.508688138793008e-05,True
736,0,0,8.302441615320151e-05,True
737,0,0,8.423454243829078e-05,True
738,0,0,0.00010341211410447617,True
739,0,0,8.460991133812124e-05,True
740,0,0,9.755278801923261e-05,True
741,1,1,0.9995244511965973,True
742,0,0,8.237344224614895e-05,True
743,1,1,0.9998164694856811,True
744,0,0,0.0002915834344127643,True
745,1,1,0.9996737771036864,True
746,1,1,0.9997814595082404,True
747,1,1,0.9998094537238508,True
748,1,1,0.9997229843990294,True
749,1,1,0.9994920344418335,True
750,1,1,0.9995143353264879,True
751,0,0,0.00010883513943437573,True
752,1,1,0.9997593320107732,True
753,0,0,9.840028602155759e-05,True
754,0,0,0.00013061738391545227,True
755,1,1,0.9995471733938519,True
756,0,0,9.726814863282671e-05,True
757,0,0,9.204576865704156e-05,True
758,0,0,8.445813213912524e-05,True
759,0,0,8.264240024866056e-05,True
760,1,1,0.9997450244723165,True
761,0,0,0.00011889231301635426,True
762,1,1,0.9996095715073631,True
763,0,0,0.00010854692283852363,True
764,0,0,0.00033257408047886877,True
765,0,0,8.292402868664968e-05,True
766,0,0,8.959973458114959e-05,True
767,0,0,0.00012692150767496427,True
768,0,0,9.382413113061e-05,True
769,0,0,0.0001332418387622431,True
770,0,0,0.00010611505350471414,True
771,1,1,0.9996939278981223,True
772,0,0,8.223561021153992e-05,True
773,0,0,0.00039213324576480783,True
774,0,0,8.496077053634561e-05,True
775,0,0,8.717422457107898e-05,True
776,0,0,8.952272796973743e-05,True
777,1,1,0.9997724968650433,True
778,0,0,8.773046592031232e-05,True
779,0,0,8.948247002809489e-05,True
780,1,1,0.9997624262377427,True
781,1,1,0.9997649076811052,True
782,1,1,0.9991442982291899,True
783,0,0,8.326734588472905e-05,True
784,0,0,8.622761151942447e-05,True
785,1,1,0.9996792216392784,True
786,0,0,8.360172532510723e-05,True
787,1,1,0.9992870620839728,True
788,1,1,0.9994407410581219,True
789,1,1,0.999520375923879,True
790,0,0,8.493113240360295e-05,True
791,0,0,0.00010335173536275937,True
792,0,0,8.22134347819035e-05,True
793,0,0,8.599835261790086e-05,True
794,1,1,0.9997506260032482,True
795,0,0,8.220568945935344e-05,True
796,1,1,0.9995420077108337,True
797,0,0,8.336693065457856e-05,True
798,0,0,8.270743933423398e-05,True
799,0,0,8.326348123391518e-05,True
800,0,0,9.446581655568926e-05,True
801,0,0,0.00010180570765962852,True
802,1,1,0.9993951324112684,True
803,1,1,0.9997074490495343,True
804,1,1,0.9993749517327033,True
805,0,0,8.415740529206234e-05,True
806,0,0,8.275471249324526e-05,True
807,0,0,0.0001028613592708344,True
808,1,1,0.9997776484054078,True
809,0,0,8.242323456269268e-05,True
810,0,0,0.00010046836561015513,True
811,0,0,8.247520861837914e-05,True
812,1,1,0.9997099628991037,True
813,0,0,9.02544942796684e-05,True
814,1,1,0.9997609537946981,True
815,0,0,9.04357747034618e-05,True
816,0,0,8.717130608853642e-05,True
817,0,0,0.00010178543112784919,True
818,0,0,8.816134615853577e-05,True
819,0,0,8.207892684382465e-05,True
820,1,1,0.9996755198473531,True
821,1,1,0.9996944511216995,True
822,0,0,9.0986863721058e-05,True
823,0,0,8.25785536943e-05,True
824,0,0,8.33705488835755e-05,True
825,1,1,0.9996336242878503,True
826,1,1,0.9995367184615321,True
827,0,0,9.076615013501544e-05,True
828,0,0,8.383738423855172e-05,True
829,0,0,0.00011137579808473584,True
830,0,0,0.00011069249401376218,True
831,1,1,0.9995647815170204,True
832,0,0,8.628903469846418e-05,True
833,0,0,0.00011096797756579876,True
834,0,0,8.628903469846418e-05,True
835,0,0,8.230312683481395e-05,True
836,0,0,0.00017407317702645189,True
837,0,0,9.317619497503497e-05,True
838,1,1,0.9997034884940122,True
839,1,1,0.999476471979041,True
840,0,0,9.247687028274814e-05,True
841,1,1,0.99965206673301,True
842,0,0,8.306924734916242e-05,True
843,1,1,0.9994563298418684,True
844,0,0,8.458404847294602e-05,True
845,0,0,8.303669394579999e-05,True
846,0,0,8.449485197350076e-05,True
847,0,0,8.548604965292336e-05,True
848,0,0,0.0002261124493621067,True
849,0,0,8.819275618538635e-05,True
850,0,0,8.347839932671235e-05,True
851,0,0,0.00010108831160744664,True
852,0,0,8.539196316491016e-05,True
853,0,0,9.508604717419224e-05,True
854,0,0,8.693224225555228e-05,True
855,0,0,8.692530807680217e-05,True
856,0,0,0.00016238114998764518,True
857,0,0,9.303755171459232e-05,True
858,0,0,9.01997392529583e-05,True
859,0,0,8.31636421179454e-05,True
860,0,0,0.00014316152982796405,True
861,1,1,0.9997187713478841,True
862,0,0,8.486242366744194e-05,True
863,0,0,0.00012489616836563943,True
864,0,0,0.00010056919307244333,True
865,1,1,0.9993649628746039,True
866,1,1,0.9998083744762946,True
867,0,0,8.367743441827657e-05,True
868,1,1,0.9995952855698537,True
869,0,0,0.00010995035453785409,True
870,0,0,0.00012005496381564466,True
871,0,0,8.458446101739974e-05,True
872,0,0,0.00011862659113954103,True
873,1,1,0.999747789783104,True
874,0,0,8.21079742665801e-05,True
875,0,0,0.00019999825060086908,True
876,0,0,0.00013448531708282373,True
877,0,0,8.627862217964769e-05,True
878,1,1,0.9984832728086156,True
879,1,1,0.9996643394094334,True
880,0,0,8.469688922711775e-05,True
881,0,0,0.00010124423077012962,True
882,0,0,9.740668249498564e-05,True
883,1,1,0.9997580993373444,True
884,0,0,8.309724514308699e-05,True
885,0,0,8.718671125356564e-05,True
886,0,0,8.403025653461516e-05,True
887,1,1,0.9996696446313303,True
888,1,1,0.9996204675447565,True
889,0,0,0.00020991729865415742,True
890,0,0,0.000109146003135707,True
891,1,1,0.9997191156792263,True
892,0,0,0.00012723328776638167,True
893,0,0,9.252108659016224e-05,True
894,0,0,8.518202761771545e-05,True
895,0,0,8.28588210416331e-05,True
896,0,0,9.417746632914281e-05,True
897,0,0,8.212358694299193e-05,True
898,1,1,0.9996828093275565,True
899,0,0,0.00014405941815952267,True
900,0,0,9.420042709113522e-05,True
901,0,0,8.79134483598209e-05,True
902,0,0,0.00011205669981397718,True
903,0,0,0.00010095458617093714,True
904,0,0,0.0001289385983711917,True
905,1,1,0.9997210025591384,True
906,0,0,8.211239619145858e-05,True
907,0,0,8.550128718237894e-05,True
908,0,0,9.145421454612382e-05,True
909,0,0,8.298082810530413e-05,True
910,1,1,0.9995611902893866,True
911,0,0,8.998715774259292e-05,True
912,0,0,0.00011097522782418796,True
913,0,0,0.00010168920226371162,True
914,0,0,9.306901799109531e-05,True
915,0,0,9.323395473982849e-05,True
916,0,0,9.058371247391332e-05,True
917,0,0,8.501195729682e-05,True
918,0,0,0.0002088543626101224,True
919,0,0,8.480892928307649e-05,True
920,0,0,0.00010211370448393693,True
921,0,0,0.00012240871786599588,True
922,1,1,0.9997675056432784,True
923,0,0,0.0001142493802162139,True
924,0,0,8.282868282255002e-05,True
925,1,1,0.9995476771467137,True
926,1,1,0.9996244880193641,True
927,0,0,8.425700834139848e-05,True
928,1,1,0.9995022343065599,True
929,0,0,9.622724426841028e-05,True
930,1,1,0.999426044279159,True
931,0,0,8.40517740292512e-05,True
932,0,0,8.994780609171112e-05,True
933,1,1,0.9997865744071768,True
934,1,1,0.9997622943735852,True
935,1,1,0.9995697450485271,True
936,1,1,0.9994716581017086,True
937,1,1,0.999475763544718,True
938,0,0,9.705410010322772e-05,True
939,0,0,8.60714304168308e-05,True
940,0,0,8.420337883575657e-05,True
941,1,1,0.999673756480517,True
942,0,0,0.00010269152441402602,True
943,0,0,8.642362270770479e-05,True
944,1,1,0.9997894550018886,True
945,0,0,8.515859991891709e-05,True
946,0,0,8.289794216259344e-05,True
947,0,0,0.00043983515804921897,True
948,0,0,8.294463283367725e-05,True
949,0,0,8.948300929584115e-05,True
950,0,0,8.274372863345074e-05,True
951,0,0,0.00013393729701525762,True
952,0,0,9.274808713783448e-05,True
953,0,0,8.252059110730745e-05,True
954,0,0,9.439033776617935e-05,True
955,0,0,9.490237145077607e-05,True
956,1,1,0.9997939194911553,True
957,0,0,8.373263361076827e-05,True
958,0,0,8.405792279361223e-05,True
959,0,0,0.00010079471095271954,True
960,1,1,0.9997448782228829,True
961,0,0,8.507686774699108e-05,True
962,0,0,0.0001486636319605101,True
963,1,1,0.9997815184329693,True
964,1,1,0.9997669634674691,True
965,1,1,0.9996431791084497,True
966,0,0,0.00011468890189015427,True
967,1,1,0.999815232878251,True
968,0,0,9.697959482187698e-05,True
969,0,0,8.818622224430302e-05,True
970,0,0,8.231103045797348e-05,True
971,1,1,0.999458043278446,True
972,0,0,9.520217745539493e-05,True
973,0,0,0.00012691852705933919,True
974,0,0,9.010944169701872e-05,True
975,0,0,0.0001183208994016319,True
976,0,0,0.0001159857897623815,True
977,1,1,0.9990051633546905,True
978,1,1,0.9998020377804366,True
979,1,1,0.9998100220383762,True
980,0,0,8.339389087360598e-05,True
981,0,0,8.423593427204026e-05,True
982,0,0,8.255132665039197e-05,True
983,1,1,0.9995894671380445,True
984,0,0,8.330434166011695e-05,True
985,0,0,8.314732674024252e-05,True
986,0,0,8.27978951500259e-05,True
987,0,0,8.215037562448805e-05,True
988,1,1,0.9991870026314009,True
989,1,1,0.9992761050315294,True
990,1,1,0.9996582451226076,True
991,1,1,0.9990246629524852,True
992,0,0,8.355070818276495e-05,True
993,0,0,8.382803307340751e-05,True
994,0,0,0.0001051573230048385,True
995,1,1,0.9997686725902972,True
996,0,0,0.00010247257118871109,True
997,0,0,0.00031938970612160303,True
998,1,1,0.999738902111655,True
999,0,0,9.465401321550206e-05,True
1000,1,1,0.9994267306118784,True
1001,0,0,0.0003439878013460307,True
1002,0,0,0.00018845896127723586,True
1003,1,1,0.9994617830040724,True
1004,0,0,9.585579173072447e-05,True
1005,1,1,0.9996836661557892,True
1006,1,1,0.9998042307428885,True
1007,0,0,8.5512138819238e-05,True
1008,1,1,0.9995987868308254,True
1009,1,1,0.9985800590964587,True
1010,0,0,0.00010481667603090833,True
1011,0,0,9.909545794294711e-05,True
1012,1,1,0.9995454853456066,True
1013,0,0,0.00010793321578499393,True
1014,1,1,0.9996749615824648,True
1015,1,1,0.9994004534073198,True
1016,0,0,8.279230247697043e-05,True
1017,0,0,0.0001914286058947026,True
1018,0,0,8.441303888818683e-05,True
1019,1,1,0.9996708753306414,True
1020,0,0,8.52633343793588e-05,True
1021,1,1,0.9995107903161391,True
1022,0,0,8.774381541569771e-05,True
1023,0,0,8.252706031169931e-05,True
1024,0,0,9.19155447834366e-05,True
1025,0,0,8.793128454373842e-05,True
1026,0,0,9.6423575798209e-05,True
1027,1,1,0.9997653505618871,True
1028,0,0,9.601400097718397e-05,True
1029,1,1,0.9998117857556997,True
1030,1,1,0.999797964153634,True
1031,1,1,0.9997498894017666,True
1032,0,0,9.260980100574266e-05,True
1033,0,0,8.824968718111799e-05,True
1034,0,0,8.371297810087308e-05,True
1035,1,1,0.9997989003977993,True
1036,0,0,0.00011361520556000974,True
1037,1,1,0.9997386500908615,True
1038,0,0,8.56297593075895e-05,True
1039,1,1,0.9998155780526431,True
1040,0,0,8.419156588403079e-05,True
1041,0,0,8.258389793099295e-05,True
1042,0,0,8.337747564878992e-05,True
1043,1,1,0.9997929139911741,True
1044,0,0,0.0001016950526105522,True
1045,1,1,0.9997498894017666,True
1046,1,1,0.9998052896162939,True
1047,1,1,0.9997823008785904,True
1048,0,0,8.309914020449427e-05,True
1049,0,0,8.516646525948986e-05,True
1050,0,0,9.447909454021131e-05,True
1051,0,0,0.0002153160109858372,True
1052,0,0,0.00015491367667327146,True
1053,0,0,8.800568810546795e-05,True
1054,0,0,8.214401441830073e-05,True
1055,0,0,9.297378973289551e-05,True
1056,0,0,0.00010266524641271935,True
1057,1,1,0.9996780770733917,True
1058,1,1,0.9997589690010339,True
1059,0,0,8.469656852124372e-05,True
1060,1,1,0.9995973987011006,True
1061,1,1,0.9995977336895487,True
1062,1,1,0.999466931724963,True
1063,1,1,0.9997802089627909,True
1064,0,0,8.294150999399332e-05,True
1065,0,0,0.00010116922182778626,True
1066,1,1,0.9993351844072879,True
1067,0,0,0.00028334094080155654,True
1068,0,0,0.00010822989355529258,True
1069,1,1,0.9998191374632,True
1070,0,0,9.004433359919998e-05,True
1071,0,0,8.28097009917445e-05,True
1072,0,0,9.256687330551095e-05,True
1073,0,0,9.470087598373673e-05,True
1074,0,0,0.00014083395818206704,True
1075,1,1,0.9998182904856051,True
1076,1,1,0.9998196975485224,True
1077,0,0,9.679906813202908e-05,True
1078,0,0,9.62002141961497e-05,True
1079,1,1,0.999504213136395,True
1080,0,0,0.00011526199485306154,True
1081,0,0,0.00022374038676057232,True
1082,0,0,0.00014385324387483327,True
1083,0,0,0.00010057453972304294,True
1084,0,0,0.00011246301461554227,True
1085,0,0,0.00017288511443870724,True
1086,0,0,0.0001235897048232643,True
1087,0,0,0.00011798917414825965,True
1088,0,0,8.649196375624843e-05,True
1089,0,0,8.989962061321302e-05,True
1090,0,0,9.02975874292847e-05,True
1091,0,0,9.34829400618701e-05,True
1092,0,0,0.00010839416910591945,True
1093,0,0,0.00012498702574067618,True
1094,0,0,0.00010003328242165694,True
1095,0,0,0.00012682584442097995,True
1096,0,0,8.228588791502929e-05,True
1097,0,0,9.261260684131049e-05,True
1098,0,0,8.247595051443223e-05,True
1099,0,0,8.389437275613476e-05,True
1100,0,0,8.637711918870967e-05,True
1101,0,0,0.00015557739644098562,True
1102,0,0,8.655053949464841e-05,True
1103,0,0,8.236498508072433e-05,True
1104,0,0,8.605086307513289e-05,True
1105,1,1,0.9997143069839441,True
1106,0,0,8.39863866423508e-05,True
1107,0,0,8.983248115963909e-05,True
1108,0,0,0.00011164739243148146,True
1109,0,0,0.00013332926321735385,True
1110,0,0,0.00015692025139125407,True
1111,0,0,8.361925884616187e-05,True
1112,0,0,8.23783853892207e-05,True
1113,0,0,0.000112299441837723,True
1114,0,0,0.00010453935879932765,True
1115,1,1,0.9997189485299709,True
1116,0,0,0.00013236716983789853,True
1117,0,0,9.057397118918014e-05,True
1118,0,0,9.902698818574463e-05,True
1119,0,0,8.283766272871299e-05,True
1120,0,0,8.492298907926715e-05,True
1121,0,0,8.829441496145205e-05,True
1122,0,0,0.00024727362756649313,True
1123,0,0,9.159741038831613e-05,True
1124,1,1,0.9995464499259158,True
1125,0,0,9.356257727202312e-05,True
1126,0,0,8.673192714262383e-05,True
1127,0,0,9.169956119975625e-05,True
1128,0,0,8.932497142231181e-05,True
1129,0,0,9.40224840429466e-05,True
1130,0,0,0.00010957043225862494,True
1131,0,0,8.304757898268029e-05,True
1132,0,0,8.458339099516916e-05,True
1133,0,0,0.00013246077286297795,True
1134,0,0,0.0001252126816367863,True
1135,0,0,9.800637170616693e-05,True
1136,0,0,9.010200419979713e-05,True
1137,0,0,8.791767471680732e-05,True
1138,0,0,8.484180086879786e-05,True
1139,0,0,0.00011062040616732748,True
1140,0,0,8.877208522430382e-05,True
1141,0,0,8.38418092984657e-05,True
1142,0,0,8.577861020270637e-05,True
1143,0,0,8.225460022165638e-05,True
1144,0,0,0.00019344873526652056,True
1145,1,1,0.9996436721266384,True
1146,0,0,0.0001284286887035712,True
1147,0,0,0.00015331657462173926,True
1148,0,0,0.00010009357190081038,True
1149,0,0,8.462284038668544e-05,True
1150,0,0,8.459477771087265e-05,True
1151,0,0,9.34342380076507e-05,True
1152,0,0,8.311511981633129e-05,True
1153,0,0,8.858456497146038e-05,True
1154,0,0,8.234724885011023e-05,True
1155,1,1,0.9996156651808884,True
1156,0,0,0.00010633842432869075,True
1157,0,0,8.63214819244956e-05,True
1158,0,0,0.00021017298807104792,True
1159,0,0,8.432695723343395e-05,True
1160,1,1,0.9998120574007757,True
1161,0,0,0.00011361764975649326,True
1162,0,0,8.317473459617037e-05,True
1163,0,0,0.00010008532289538681,True
1164,0,0,0.00010652425888448924,True
1165,1,1,0.9998171068664788,True
1166,0,0,0.00012453951299327417,True
1167,0,0,9.509289187578834e-05,True
1168,0,0,8.866635449592598e-05,True
1169,0,0,8.369041661542279e-05,True
1170,1,1,0.9996991430717933,True
1171,0,0,8.356433591218006e-05,True
1172,0,0,0.000122670384183957,True
1173,0,0,0.00014592489190657168,True
1174,1,1,0.9995992142828037,True
1175,1,1,0.9998053229606277,True
1176,1,1,0.9996315489024908,True
1177,0,0,8.46128239764664e-05,True
1178,0,0,0.0001675328643592756,True
1179,0,0,9.141352283089732e-05,True
1180,0,0,8.483690731762207e-05,True
1181,1,1,0.9997930320858124,True
1182,1,1,0.9997929900690625,True
1183,0,0,0.00010218166244062959,True
1184,0,0,9.559775115874279e-05,True
1185,1,1,0.9997956668226885,True
1186,0,0,0.00011378180747052363,True
1187,1,1,0.9990558210771262,True
1188,0,0,0.00011314490124404688,True
1189,0,0,0.0001132386403037819,True
1190,0,0,0.00014578718545767044,True
1191,0,0,0.00011712730421703423,True
1192,1,1,0.9998132170973396,True
1193,0,0,8.337283528398786e-05,True
1194,0,0,9.642485699798294e-05,True
1195,0,0,0.00011310288276824272,True
1196,0,0,8.437048339672786e-05,True
1197,0,0,0.0001390493006141188,True
1198,0,0,8.263465597124939e-05,True
1199,1,1,0.9994080373841382,True
1200,0,0,9.595800182711648e-05,True
1201,1,1,0.9998112206511738,True
1202,0,0,8.70195163251517e-05,True
1203,0,0,9.582934428736433e-05,True
1204,1,1,0.9997066063903897,True
1205,1,1,0.9995252116516037,True
1206,0,0,0.00011721226964317566,True
1207,0,0,8.680761377993605e-05,True
1208,0,0,8.414684675571213e-05,True
1209,0,0,8.480016843741828e-05,True
1210,0,0,9.661440583982729e-05,True
1211,0,0,8.927376201572944e-05,True
1212,0,0,8.567833311609992e-05,True
1213,1,1,0.9995330184617596,True
1214,1,1,0.99973191373038,True
1215,0,0,8.876061391484218e-05,True
1216,1,1,0.9995940336784438,True
1217,0,0,9.099130685689232e-05,True
1218,0,0,8.819552732772339e-05,True
1219,1,1,0.9997558735739939,True
1220,1,1,0.9997929900690625,True
1221,1,1,0.9995668710936816,True
1222,0,0,0.0002018650966138469,True
1223,0,0,8.258597293194516e-05,True
1224,1,1,0.9990180057508415,True
1225,0,0,9.207945615527962e-05,True
1226,0,0,0.00012223822810133458,True
1227,0,0,0.0002374897903015809,True
1228,0,0,9.336243070787914e-05,True
1229,1,1,0.9995531525965358,True
1230,0,0,8.242353157053576e-05,True
1231,0,0,0.00010369884293849278,True
1232,0,0,8.479823784051e-05,True
1233,0,0,9.756019649298259e-05,True
1234,0,0,8.841757262220699e-05,True
1235,0,0,0.00013177799488191125,True
1236,0,0,8.224956304156951e-05,True
1237,0,0,9.387716303622585e-05,True
1238,0,0,8.96614891233858e-05,True
1239,0,0,9.19127370922501e-05,True
1240,0,0,8.664194688337139e-05,True
1241,0,0,8.216794726046468e-05,True
1242,0,0,0.00011587767109141105,True
1243,0,0,8.331237617509501e-05,True
1244,0,0,0.00013816139101909471,True
1245,0,0,9.27113805354795e-05,True
1246,0,0,0.00021114341292574542,True
1247,0,0,0.00018276950088317147,True
1248,0,0,0.00011892591169111703,True
1249,0,0,0.00012027510000138668,True
1250,0,0,8.233145528121503e-05,True
1251,0,0,8.545969299208696e-05,True
1252,0,0,0.00010730317066296072,True
1253,0,0,0.00015892480050579914,True
1254,0,0,0.00014671580840147552,True
1255,0,0,9.072855075805498e-05,True
1256,0,0,0.00012765869045371848,True
1257,0,0,0.00010266511604474659,True
1258,0,0,8.936013228385305e-05,True
1259,1,1,0.9994944845649232,True
1260,1,1,0.9993987037255123,True
1261,1,1,0.9998023386228438,True
1262,0,0,8.378032296872345e-05,True
1263,0,0,8.595013347746056e-05,True
1264,0,0,8.341727690578752e-05,True
1265,0,0,9.948013335260244e-05,True
1266,0,0,8.578320808484493e-05,True
1267,0,0,0.00010165214656559277,True
1268,0,0,8.23649159200535e-05,True
1269,1,1,0.9996408583165151,True
1270,0,0,0.0009626827963916076,True
1271,1,1,0.9997184187614455,True
1272,1,1,0.9994637475996687,True
1273,0,0,8.657326576530101e-05,True
1274,0,0,8.793676596025726e-05,True
1275,0,0,9.010564199104678e-05,True
1276,0,0,8.249648598618178e-05,True
1277,0,0,8.388659481836632e-05,True
1278,0,0,8.217497189827521e-05,True
1279,1,1,0.999711886170617,True
1280,1,1,0.9996003863809687,True
1281,0,0,8.278746216287537e-05,True
1282,0,0,9.566133380145331e-05,True
1283,1,1,0.9998007785214733,True
1284,1,1,0.9996876857222657,True
1285,1,1,0.9997345069762025,True
1286,0,0,8.459170256263452e-05,True
1287,1,1,0.9994757183277961,True
1288,0,0,8.879653205431472e-05,True
1289,0,0,8.65136944596833e-05,True
1290,0,0,8.257990442070957e-05,True
1291,0,0,8.40346290272702e-05,True
1292,1,1,0.9995532911891847,True
1293,1,1,0.9989356644081357,True
1294,0,0,9.01137196749749e-05,True
1295,0,0,9.856859076870587e-05,True
1296,1,1,0.999806472253821,True
1297,0,0,8.672641869999344e-05,True
1298,0,0,0.00016768612355331253,True
1299,1,1,0.9996875123812876,True
1300,1,1,0.9993552490866241,True
1301,0,0,8.522399727385395e-05,True
1302,0,0,0.00010332936079077758,True
1303,0,0,9.750552001787287e-05,True
1304,1,1,0.999622382977471,True
1305,0,0,9.58017779463509e-05,True
1306,0,0,0.0001904705074687267,True
1307,1,1,0.9996297044965602,True
1308,0,0,9.972082996263994e-05,True
1309,1,1,0.9990474284584373,True
1310,1,1,0.9996991445568221,True
1311,0,0,0.00017066720975923082,True
1312,1,1,0.9997677889429574,True
1313,1,1,0.9996240280725783,True
1314,0,0,0.00010311263124341066,True
1315,0,0,8.240331260456145e-05,True
1316,0,0,8.532948712129355e-05,True
1317,0,0,0.00010292295248952478,True
1318,0,0,0.00011148264484699621,True
1319,0,0,8.785330655514988e-05,True
1320,0,0,9.695818687664041e-05,True
1321,0,0,0.00010472313807669821,True
1322,0,0,0.00014519534309025584,True
1323,0,0,0.00026274409332310616,True
1324,0,0,8.734050253297415e-05,True
1325,1,1,0.9997012650738017,True
1326,1,1,0.9994088629852624,True
1327,0,0,8.451486357161076e-05,True
1328,0,0,8.860389979924471e-05,True
1329,0,0,9.652206826121563e-05,True
1330,0,0,8.81513912685163e-05,True
1331,0,0,8.320630059565301e-05,True
1332,1,1,0.9996912264567123,True
1333,0,0,8.824956151987749e-05,True
1334,1,1,0.9997398877916784,True
1335,1,1,0.9991821771596433,True
1336,1,1,0.9993847951693764,True
1337,1,1,0.9997147253891706,True
1338,0,0,8.313271427761372e-05,True
1339,0,0,8.399864863558465e-05,True
1340,0,0,8.266532508778157e-05,True
1341,1,1,0.9997815616424703,True
1342,0,0,8.575379768933055e-05,True
1343,0,0,9.461180498750586e-05,True
1344,0,0,9.144069525018235e-05,True
1345,0,0,8.822268535740695e-05,True
