periodo,year,month,ipeco,seactual,dactual,sefuturo,dfuturo,ifuturo,ctotal,cdurables,cnodurables,cservicios,imacec,ipv,remuneraciones,gndi,ipsa,tpromedio,tmenos6meses,t6a12meses,t1a3anos,tmas3anos,desempleo,ipec,tcn,ipc
2001-12-01,2001,12,56.4465028,50.3225806,24.1887388,77.8145695,50.2857143,78.490566,11682.16852,513.8846845,5402.97738,5932.277072,64.20148503,,45.42673661,17836.11895,1183.12,,,,,,8.6,,669.1378947,102.3163059
2002-01-01,2002,1,,,,,,,,,,,59.67160093,,45.71867066,,1153.01,31.03062626,37.25,34.02,29.65,29.38,8.8,,667.2818182,102.2139896
2002-02-01,2002,2,,,,,,,,,,,55.80326416,,45.84725944,,1144.39,30.92611048,37.38,32.9,29.63,28.93,9.1,,678.835,102.2139896
2002-03-01,2002,3,57.66283304,51.48148145,22.60061917,78.06267806,50.50505053,85.66433561,10721.47288,385.9688212,5007.707936,5545.410122,63.00203016,79.85047739,45.80575597,17559.76044,1163.6,26.00502333,37.11,27.01,23.39,25.37,9.6,37.3,663.264,102.7250596
2002-04-01,2002,4,,,,,,,,,,,61.26497384,,45.63919283,,1137.83,27.97852781,36.2,29.34,25.99,27.05,9.6,36.3,650.8209524,103.1359598
2002-05-01,2002,5,,,,,,,,,,,60.2678467,,45.68908321,,1099.65,29.30150698,33.85,30.95,27.15,28.51,9.9,38.23,653.9065,103.2390958
2002-06-01,2002,6,61.05200006,52.99999994,11.79999999,88.54999995,64.62000001,87.28999995,11044.95843,446.0750001,4909.765091,5899.320124,58.92003635,82.89807712,45.87818736,17484.70578,1031.96,28.87851437,32.74,30.23,27.27,28.24,10.3,37.03,673.766,103.1358567
2002-07-01,2002,7,,,,,,,,,,,59.80626833,,45.7377163,,1039.55,27.96949882,32.31,29.86,25.71,27.58,10.3,36.52,696.3343478,103.5484001
2002-08-01,2002,8,,,,,,,,,,,58.8173514,,45.63451056,,1022.35,27.41729228,33.44,28,25.15,25.59,10.5,35.54,702.3047619,103.9625937
2002-09-01,2002,9,57.39269729,57.14285712,22.53164555,85.24590158,40.44585988,81.59722221,11163.29531,469.6852282,4901.661772,5995.273752,58.30428468,84.11431494,45.46569174,17183.39459,927.39,25.85310591,32.65,26.2,23.1,23.64,10.6,35.77,726.9789474,104.7942945
2002-10-01,2002,10,,,,,,,,,,,61.53885943,,45.12230232,,958.51,23.39918464,30.37,19.58,19.02,23.31,10.5,35.48,742.3173913,105.7374431
2002-11-01,2002,11,,,,,,,,,,,62.38563443,,45.27634455,,960.31,24.47985012,29.79,25.8,21.27,24.25,9.7,35.56,709.4765,105.6317057
2002-12-01,2002,12,56.65885325,43.37349394,19.99999998,82.98429318,57.0707071,79.86577174,11971.93861,557.7983758,5542.340278,6016.469049,67.18020184,84.19298718,45.9630946,18469.39197,1000,26.03061528,31.69,27.85,23.92,25.33,8.7,42.91,701.949,105.2091788
2003-01-01,2003,1,,,,,,,,,,,62.18981085,,46.14078316,,1001.99,28.57704709,31.56,29.46,25.76,27.6,8.5,43.9,722.4777273,105.314388
2003-02-01,2003,2,,,,,,,,,,,58.69952208,,45.92935234,,1014.94,28.93042412,31.41,28.99,26.81,28.72,8.8,39.4,745.2135,106.1569031
2003-03-01,2003,3,50.48916216,45.39682536,31.86046508,65.59139781,36.93045564,72.66666664,11040.51079,428.1588727,5141.015684,5673.205849,65.7894906,83.3005161,45.5478616,18307.79791,1009.13,25.59177698,31.63,26.46,22.05,25.27,9.2,34.4,743.2833333,107.430786
2003-04-01,2003,4,,,,,,,,,,,63.63039003,,45.57304388,,1163.96,27.3376075,30.93,28.71,24.48,27.63,9.6,39.9,718.2533333,107.3233552
2003-05-01,2003,5,,,,,,,,,,,63.02352998,,45.75094487,,1231.01,27.37894751,28.39,29.54,25.4,27.76,9.8,43.9,703.58,106.8940618
2003-06-01,2003,6,64.14554528,55.93220331,34.82688389,81.30434782,63.86036963,84.80392155,11503.21196,485.2696847,5091.981375,6128.451683,61.48064373,84.38298598,45.85853388,18351.5145,1228.12,26.7396647,27.51,28.31,24.54,27.2,10.1,41.6,709.1845,106.8940618
2003-07-01,2003,7,,,,,,,,,,,62.44208131,,46.02752026,,1321.38,26.65535793,30.6,28.62,23.57,26.75,10.1,40.7,701.1404348,106.7871677
2003-08-01,2003,8,,,,,,,,,,,60.95326476,,46.05336706,,1369.62,26.39319463,32.33,28.64,22.71,25.71,10.4,42.4,703.7725,107.000742
2003-09-01,2003,9,64.57044385,55.28255525,37.62575448,83.72641508,64.3026005,81.91489355,11641.12823,504.2594016,5137.152666,6195.736919,60.6015424,84.5564083,46.06871138,17625.55453,1430.49,25.6341045,32.49,28.43,20.87,25.28,10.4,45.6,675.442,107.2147435
2003-10-01,2003,10,,,,,,,,,,,63.86996861,,46.22245183,,1515.96,25.58666566,31.93,29.15,20.98,25.76,9.9,48,646.0695652,107.000314
2003-11-01,2003,11,,,,,,,,,,,64.51571815,,46.48474283,,1458.34,26.72411563,32.52,29.03,21.68,26.69,9.1,47.8,625.467,106.6793131
2003-12-01,2003,12,66.55608031,55.27522929,50.09276432,80.69815194,68.6354379,78.07881769,12746.88799,627.5791654,5857.941042,6397.340702,69.50676623,86.8156157,46.99019899,19188.64154,1484.8,25.23859676,31.88,28.31,20.3,26.01,8.5,50.1,602.9045,106.3592752
2004-01-01,2004,1,,,,,,,,,,,64.62695209,,47.2804236,,1408.86,25.12830727,22.22,26.78,21.15,26.83,8.4,53.9,573.6414286,106.1465566
2004-02-01,2004,2,,,,,,,,,,,61.38984412,,47.34749535,,1543.08,24.06440307,18.63,28.07,19.76,26.24,8.4,54,584.306,106.1465566
2004-03-01,2004,3,81.28595931,74.9391727,73.10469307,89.73384023,81.69556844,86.95652172,11808.55912,508.6364251,5520.189277,5955.590169,69.88304141,86.81689898,47.22566444,20014.78231,1458.9,21.07432898,19.59,27.37,16.3,22.21,9.2,52.2,603.9121739,106.5711428
2004-04-01,2004,4,,,,,,,,,,,67.51921812,,47.07334274,,1430.6,22.85065073,20.56,27.05,17.04,23.54,9.9,48.1,608.1871429,106.9974274
2004-05-01,2004,5,,,,,,,,,,,66.97086404,,46.81877552,,1428.8,23.68389252,22.36,27.63,18.6,23.54,10.7,47.1,635.7575,107.5324145
2004-06-01,2004,6,69.07805457,58.82352935,49.10071939,85.04672897,66.41929503,85.99999996,12452.86638,624.9223578,5469.317572,6511.720101,65.46541478,87.98564921,46.78442399,20177.68079,1482.98,24.20248307,22.48,27.78,19.6,24.68,10.9,46.4,643.4965,107.9625442
2004-07-01,2004,7,,,,,,,,,,,67.15726645,,46.75685385,,1520.85,23.53943672,23.68,27.35,18.94,22.83,11,45.3,632.3936364,108.1784693
2004-08-01,2004,8,,,,,,,,,,,66.21886774,,46.57561385,,1631.41,23.21621491,23.18,27.3,18.8,22.19,11.2,47.4,635.9318182,108.6111832
2004-09-01,2004,9,61.91063626,54.5454545,33.08128541,82.72138226,57.72357724,81.48148143,12662.79848,647.5685626,5518.994039,6647.075661,65.70996452,89.69234159,46.7507238,19585.88307,1707.02,22.8615077,23.65,27.62,18.58,21.58,11.1,45.3,616.5519048,108.7197943
2004-10-01,2004,10,,,,,,,,,,,69.64740922,,46.61089113,,1768.2,22.94667741,23.14,27.03,19.51,21.7,10.8,45.4,607.2785,109.0459537
2004-11-01,2004,11,,,,,,,,,,,70.55761905,,46.55659846,,1790.47,23.47705551,22.79,27.19,21.29,21.55,9.7,49.7,596.72,109.3730916
2004-12-01,2004,12,73.87390654,65.19916138,48.25462007,90.94202892,76.15384618,88.81987574,13892.72732,816.7145461,6260.387416,6895.417998,76.11105089,91.76806947,47.10553632,21737.17069,1796.48,23.40092787,22.69,25.57,21.95,22.49,8.9,49.6,576.17,108.9355992
2005-01-01,2005,1,,,,,,,,,,,69.43799023,,47.56494929,,1809.88,24.98603176,21.92,28.22,23.32,24.52,8.6,53,574.1195238,108.6087924
2005-02-01,2005,2,,,,,,,,,,,65.28068398,,47.93055097,,1895.2,26.28722292,22.27,28.65,25.48,26.45,8.8,52.8,573.584,108.5001836
2005-03-01,2005,3,72.74756868,65.90389013,50.10395007,89.46395557,69.13123845,89.13480878,12809.11864,617.4136488,5847.421539,6501.26999,73.58484749,90.09457262,47.99087949,21372.42845,1961.69,23.61562901,20.62,28.64,21.9,22.02,9.1,49.4,586.4827273,109.1511847
2005-04-01,2005,4,,,,,,,,,,,71.7629378,,47.73685478,,1956.98,25.32997625,24.32,29.23,23.66,23.57,9.4,48.1,580.4557143,110.1335454
2005-05-01,2005,5,72.79174377,66.1417322,54.03726702,85.89743589,70.80745345,87.07482992,,,,,70.49770445,,47.71801546,,1968.78,26.19735938,24.98,29.95,24.94,24.13,9.6,47.8,578.3090476,110.463946
2005-06-01,2005,6,73.60590797,62.92315646,49.65124219,91.39676481,71.89704662,92.1613295,13377.27346,733.9552175,5758.139163,7013.857627,69.49653192,92.01696508,47.74517427,22014.76957,2056.84,26.61379364,25.75,30.69,25.5,24.22,10.1,48.3,585.4733333,110.9058018
2005-07-01,2005,7,66.74435113,54.93438313,49.36063414,82.29000435,63.68101909,83.45571477,,,,,69.85132955,,47.7647396,,2175.06,26.31412772,26.34,30.38,25.23,23.78,10,48.8,575.7661905,111.5712366
2005-08-01,2005,8,73.184183,65.54054046,58.43373488,86.57718117,69.65517244,85.71428567,,,,,70.40315075,,47.76868892,,2086.25,26.38080421,26.02,30.67,25.47,23.59,10.1,50.8,546.6095455,111.9059503
2005-09-01,2005,9,75.43607609,70.63492059,62.66666662,89.51048946,65.7718121,88.5964912,13632.10388,797.6462638,5844.816482,7096.185868,69.16686202,92.84042905,47.53315511,21647.10058,2152.82,26.32455873,25.94,30.62,25.96,23.36,9.8,49.7,536.7004762,113.0250098
2005-10-01,2005,10,75.71570964,74.6793394,62.66666662,88.61538457,68.78391834,83.83323901,,,,,72.50788678,,47.45577371,,2072.64,24.77909788,25.04,30.36,22.94,20.82,9.4,49.6,535.497,113.5901349
2005-11-01,2005,11,76.69198809,76.72815533,60.48695647,89.01098894,73.16107676,84.07276254,,,,,74.71174574,,47.66198692,,2027.61,25.16444146,25.61,30.76,23.31,20.49,8.8,51.9,529.8814286,113.3629546
2005-12-01,2005,12,76.56723782,75.29540614,60.80298026,89.3963179,71.48951766,85.85196684,14914.19782,1003.11984,6618.572926,7336.528204,81.14498547,94.41289255,48.26087727,23801.06158,1964.47,25.75092996,26.52,31.2,24.26,21.12,7.9,54.5,514.3309524,113.0228658
2006-01-01,2006,1,77.03302002,82.56880725,60.58394156,92.75362314,64.70588238,84.55284546,,,,,73.3751053,,48.40628977,,2118.46,26.84010551,27.02,31.99,24.95,22.13,7.7,58.5,524.4768182,113.1358886
2006-02-01,2006,2,80.67203196,74.01574796,70.05347587,93.56725142,76.25000001,89.47368418,,,,,70.09111374,,48.63402707,,2166.84,28.08001067,28.43,32.41,26.06,24.43,7.8,57.5,525.7045,113.0227527
2006-03-01,2006,3,79.86958368,78.84942944,60.95487942,89.33337097,77.11331264,93.09692543,13802.05782,795.7320646,6216.157686,6894.913406,77.57529684,91.87305482,48.47882739,23065.74598,2181.96,25.2206299,27.58,31.42,22.94,21.26,8.4,59.3,528.7708696,113.7008892
2006-04-01,2006,4,80.06991858,86.1137438,62.552287,95.73873406,66.04583776,89.89898987,,,,,75.67731329,,48.43865734,,2201.56,26.81238125,27.85,32.07,25.09,22.94,8.6,55.6,517.3263158,114.3830946
2006-05-01,2006,5,78.80395064,72.81553393,60.79999994,94.65648849,72.67080749,93.07692305,,,,,75.91425614,,48.50921359,,2156.53,27.49968525,28.48,32.75,25.38,23.44,8.8,54.8,520.7940909,114.6118608
2006-06-01,2006,6,65.32445205,60.36036028,50.40009606,78.46539663,60.24038946,77.15601752,14404.72784,950.8789666,6172.994325,7345.856803,74.37726637,94.42932301,48.42413531,24481.5245,2126.02,27.54061454,29.12,33.02,25.11,23.28,8.9,48.2,542.46,115.2995319
2006-07-01,2006,7,67.03455406,71.09374995,40.52287577,85,57.53424659,81.02189774,,,,,74.405389,,48.38171801,,2131.58,27.28323577,29.05,33.05,24.82,22.78,8.8,48.5,540.6204762,115.8760296
2006-08-01,2006,8,70.12396565,69.99999994,46.1538461,85.3658536,61.31386862,87.78625954,,,,,73.82511357,,48.41135194,,2206.37,26.63961018,27.92,32.8,24.22,22.36,8.5,46.7,538.5272727,116.2236577
2006-09-01,2006,9,70.15065768,70.14925369,48.3221476,87.9432624,57.03703704,87.30158728,14587.77805,994.5155609,6212.214296,7434.137093,73.78953985,95.33085591,48.6610893,23346.76747,2280.48,26.5372798,25.1,32.81,24.59,22.48,7.9,49.9,538.6526316,116.2236577
2006-10-01,2006,10,69.22262902,59.34959346,51.57232699,88.32116784,64.66666666,82.20338978,,,,,78.17155804,,48.92566694,,2380.26,26.87426644,25.03,32.75,24.94,23.15,7.4,48.8,530.9547619,115.8749867
2006-11-01,2006,11,66.69899428,63.48088942,52.42396975,88.43268445,59.90182414,69.25560312,,,,,78.95619602,,49.15157761,,2559.67,26.97083773,25.29,32.93,25.19,22.82,6.6,49.8,527.4371429,115.6432367
2006-12-01,2006,12,77.15856957,77.68595034,69.67741928,86.86131384,73.04964542,78.51851845,16020.54877,1212.596282,7061.460025,7743.431566,85.88019408,95.9253932,49.79792401,26442.03466,2693.36,27.08498,25.03,33.04,24.98,22.99,6,54.1,527.5821053,115.75888
2007-01-01,2007,1,74.08659871,76.74418599,60.81081076,91.53846149,58.13953488,83.19999996,,,,,77.30441098,,49.89425038,,2895.28,27.90456465,25.46,33.43,25.61,24.11,6.1,52,540.51,116.1061566
2007-02-01,2007,2,68.71398902,75.3521126,54.1353383,80.27210877,57.43243246,76.37795272,,,,,73.42515866,,50.34870737,,2811.62,28.68203617,25.09,33.95,26.74,25.51,6.4,50.4,542.2665,115.8739443
2007-03-01,2007,3,73.3883601,70.24793381,58.62068959,85.2348993,65.06849317,87.76978413,14852.07821,959.2432947,6622.147707,7337.712513,82.9059665,97.98532224,50.49175636,25623.64467,2929,26.98843784,25.08,34.08,24.51,22.77,6.7,48.4,538.4877273,116.3374401
2007-04-01,2007,4,76.44192336,72.0930232,59.99999993,88.6524822,67.93893132,93.52517984,,,,,80.13799843,,50.47137315,,3161.22,27.73739058,25.86,34.24,25.45,23.39,6.8,49.4,532.301,117.0354647
2007-05-01,2007,5,68.07220657,68.69565213,47.74193544,81.81818178,54.88721806,87.21804506,,,,,79.98910451,,50.33780262,,3279.53,27.88672215,25.51,34,25.84,23.69,6.7,46.7,522.0161905,117.7376775
2007-06-01,2007,6,72.86477674,74.79674792,62.67605627,84.05797098,59.32203393,83.47107435,15485.81682,1093.487647,6493.884923,7944.990352,78.31870944,99.04814219,50.13774031,25623.28012,3470.18,27.94304786,25.96,33.58,26.39,24.62,6.9,46.2,526.7190476,118.7973166
2007-07-01,2007,7,67.51489687,68.54838703,57.93103442,82.03592811,53.38345867,75.67567564,,,,,76.72617828,,50.45402526,,3340.43,28.85455598,26.59,34.54,26.87,25.04,7,43.3,519.8045,120.1040871
2007-08-01,2007,8,65.83182003,67.96874995,61.31386856,79.3893129,52.06611572,68.4210526,,,,,77.21123211,,50.05390522,,3310.14,27.59263685,24.32,34.65,25.44,23.57,7.6,41.6,522.9227273,121.425232
2007-09-01,2007,9,66.58857013,59.85915488,53.52112672,81.63265302,54.34782608,83.58208952,15536.14592,1115.342677,6464.054781,7997.141873,77.706795,100.6889444,49.8528077,25001.06983,3249,28.88864487,25.43,35.09,27,24.95,7.7,42.3,516.9111765,122.7609096
2007-10-01,2007,10,60.39624568,52.48226946,49.0196078,71.97452226,47.55244756,80.95238092,,,,,80.94929447,,49.87715917,,3451.18,29.01098504,24.57,35.4,27.09,25.07,7.7,41.5,501.4427273,123.1291923
2007-11-01,2007,11,70.68943097,62.77372255,64.08450698,84.25196846,56.25000004,86.08695644,,,,,82.38846882,,49.68869425,,3204.47,28.91827827,25.34,35.46,27.11,25.02,7.3,43.4,506.9514286,124.1142259
2007-12-01,2007,12,62.88345042,61.74496641,52.59740254,72.3404255,53.07692309,74.65753421,17102.08452,1396.080403,7310.250403,8375.581668,89.71346532,98.70599133,50.06932916,27093.29731,3051.83,29.9564244,26.49,35.96,28.02,26.24,7.2,48.1,499.2768421,124.734797
2008-01-01,2008,1,66.34862423,61.7021276,54.19354833,80.11363636,52.72727274,83.00653594,,,,,81.50098363,,50.54350379,,2788.34,32.06297709,27.01,36.35,31.72,29.85,7.2,44.9,480.8963636,124.734797
2008-02-01,2008,2,71.71637281,70.19867545,57.82312921,82.77777775,60.50955415,87.27272724,,,,,78.31061189,,50.63950019,,2836.83,31.96068943,26.98,37.01,30.71,29.55,7.3,43.7,467.2171429,125.2337362
2008-03-01,2008,3,59.8837667,54.93827156,45.57823125,70.90909088,51.36986304,76.62337659,15829.87987,1070.40979,6845.098287,7965.812569,86.37848521,99.15751272,50.53694261,26640.72961,2902.02,29.8751708,25.78,36.89,27.18,26.54,7.6,41.4,442.942,126.2356061
2008-04-01,2008,4,59.33013663,56.52173909,40.49079751,71.95121948,46.47887325,81.20805366,,,,,83.91663781,,50.64671388,,2989.41,30.12632972,26.55,36.76,28.41,26.91,7.6,38.9,446.4336364,126.7405485
2008-05-01,2008,5,58.56811759,46.8085106,45.4545454,74.99999996,46.20253166,79.37499997,,,,,83.40711983,,50.3066169,,3048.85,30.9324869,27.72,36.92,29.28,28.37,8,36.5,470.1,128.2614351
2008-06-01,2008,6,56.77961777,49.66442948,34.19354835,71.8954248,44.36090227,83.78378375,16416.36807,1208.14787,6747.374479,8501.814507,82.14630662,101.1054052,49.70198998,26786.91318,2999.9,30.74424815,27.54,36.89,29.43,28.09,8.4,33.4,493.612381,130.1853566
2008-07-01,2008,7,52.45316903,47.2049689,35.2941176,62.49999997,39.09774437,78.16901404,,,,,81.64547668,,49.74790568,,3014.8,31.24031374,22.76,37.73,30.04,29.99,8.4,31.6,502.2413636,131.6173955
2008-08-01,2008,8,55.4325242,47.09677415,26.9662921,72.62569829,44.85294119,85.62091502,,,,,78.79465788,,49.51860584,,2895.21,32.01457109,26.13,37.34,29.91,31.11,8.2,31.7,516.702,132.8019521
2008-09-01,2008,9,59.71161282,47.61904758,38.85350315,76.1006289,53.79310345,82.19178079,16149.36063,1154.829935,6614.2277,8431.020763,79.13618111,100.0761449,49.33469491,24503.44498,2753.31,34.02436491,27.59,39.39,31.78,32.37,7.8,34.6,530.17,134.2627736
2008-10-01,2008,10,50.10574465,45.16129028,30.06134967,65.21739128,39.63414635,70.45454542,,,,,83.2477841,,49.08060042,,2489.59,35.7608978,29.44,39.96,34.02,35.08,7.5,34.5,618.3945455,135.4711385
2008-11-01,2008,11,54.62941394,55.38461534,33.53293411,74.26470585,31.28834357,78.67647051,,,,,82.05338926,,49.32801339,,2406.26,36.07184204,29.36,40.05,34.97,35.47,7.5,33.5,651.5055,135.3356674
2008-12-01,2008,12,45.7515461,46.52777773,22.27979272,65.26946104,27.31958764,67.36111108,17196.13052,1238.569372,7404.095883,8589.521361,90.00887737,99.66093717,50.6766605,25162.55117,2376.42,36.85158168,30.17,41.1,32.93,37.18,7.5,35.4,649.3165,133.7116394
2009-01-01,2009,1,37.51937986,50.38759687,11.24031007,41.0852713,34.10852714,50.77519377,,,,,79.75477636,,51.29591082,,2549.46,36.33417145,30.6,41.71,33.18,34.79,8,36.7,623.007619,132.6419463
2009-02-01,2009,2,43.16087563,38.80597011,10.20408162,68.79432621,30.00000001,67.99999996,,,,,74.76987685,,51.63456992,,2468.63,36.18977679,30.19,42.67,33.02,33.74,8.5,36.4,605.998,132.1113785
2009-03-01,2009,3,43.9491074,41.04477608,8.296943223,69.73684207,30.58823531,70.07874013,15488.58753,847.2263109,6817.545584,7907.086797,84.77705936,96.12422113,51.50669053,25008.21742,2478.94,32.23109006,28.89,42.45,29.17,31.64,10.6,36.1,592.9313636,132.639824
2009-04-01,2009,4,50.05150687,46.87499996,14.04255318,71.60493824,43.8888889,73.84615381,,,,,81.44862222,,51.64110715,,2670.78,29.97497029,28.32,40.55,22.84,25.95,10.9,36.3,583.1757143,132.3745443
2009-05-01,2009,5,47.88205484,36.58536582,10.95238094,72.12121209,49.01960786,70.73170728,,,,,80.44944798,,51.906014,,3100.42,29.56658702,26.24666031,38.55766229,22.91899734,26.76687694,11.4,39,565.7178947,131.9774207
2009-06-01,2009,6,44.91106409,39.06249997,7.727272719,73.41772149,54.34782608,49.99999998,15715.93278,905.2926607,6460.736704,8457.174804,78.85974352,98.55408634,51.71956463,25734.10859,3090.5,28.9061915,24.19,38.48,21.24,25.39,11.5,40.4,553.08,132.373353
2009-07-01,2009,7,56.27091216,43.54838706,15.99999999,81.93548382,61.25000003,78.62068962,,,,,78.79462373,,52.20917508,,3226.2,27.90935239,24.23,36.83,22.73,25.36,11.6,41,540.4204545,131.8438596
2009-08-01,2009,8,52.71515796,35.87786256,21.31979693,75.15527946,58.43373497,72.78911561,,,,,79.19829227,,52.62850492,,3175.18,24.57374351,21.67,35.27,19.58,21.54,11.6,44.6,546.8842857,131.3164841
2009-09-01,2009,9,60.98852145,51.81818179,17.41293531,84.90566034,65.83850936,84.96732023,16228.33113,958.4393775,6712.926299,8658.812308,79.18397095,104.402282,52.2631146,25002.63427,3372.87,26.52326424,20.52,34.33,20.8,24.63,11.2,48.7,549.0709524,132.629649
2009-10-01,2009,10,62.33510736,54.09836061,16.58767771,84.14634141,73.07692311,83.76623373,,,,,82.343548,,52.15932528,,3314.45,26.66781426,19.94,34.49,21.97,24.64,10.7,52.3,545.8328571,132.629649
2009-11-01,2009,11,66.29441544,53.73134324,24.60732981,90.36144578,76.47058825,86.30136983,,,,,84.33885745,,52.61962311,,3255.32,27.25833994,19.46,34.85,22.24,25.47,10.4,52.5,507.7814286,131.9665007
2009-12-01,2009,12,66.30277133,59.63302749,30.23255812,86.09271521,71.42857143,84.12698406,17593.27969,1219.540849,7569.436899,8848.464094,91.13317345,109.825977,53.18599352,27513.88724,3581.42,26.55652398,19.81603166,34.00043454,21.09527283,25.12893744,10,54,501.45,131.5706012
2010-01-01,2010,1,62.56830521,49.99999996,30.81395346,83.11688308,61.67664672,87.23404251,,,,,81.47153259,,52.74961461,,3808.96,30.35391496,22.311541,36.91672581,25.9464745,27.49996571,9.7,56.4,500.6625,132.2284542
2010-02-01,2010,2,63.86405211,56.30434778,30.19192295,84.9128719,61.67664672,86.2344709,,,,,77.56449837,,52.7803403,,3827.44,29.546126,21.22234936,35.96424888,26.28868658,28.00828624,9.1,56.9,532.557,132.6251396
2010-03-01,2010,3,65.15979902,62.6086956,29.56989245,86.70886072,61.67664672,85.23489929,16333.41469,1017.839058,7080.170101,8305.322758,84.70059588,105.4749318,52.66735256,27325.20446,3763.12,27.98245903,20.89873265,34.85762233,26.72539264,25.3719736,9,46.5,523.1626087,132.7577647
2010-04-01,2010,4,66.91598409,72.80702448,30.8219156,79.99999996,69.33333139,81.6176487,,,,,86.34871956,,52.87751351,,3865.45,27.30835546,21.35640025,34.77264967,23.11688476,25.14384494,8.6,48.3,520.6242857,133.4215535
2010-05-01,2010,5,62.90802239,64.42307687,22.30769229,79.23076919,70.99236643,77.58620686,,,,,85.41309126,,52.92812743,,3886.86,27.304549,20.87551957,34.66643716,23.06026839,25.48703758,8.8,47.2,533.2065,133.9552398
2010-06-01,2010,6,67.20257161,67.74193542,26.78571426,88.19875772,73.05389224,80.2325581,17745.32737,1344.88997,7275.539812,9162.757563,84.31248489,109.5819874,53.02517477,28575.28542,4065.29,27.30581746,22.02349102,35.21634701,23.06283495,24.78810891,8.5,47.9,536.6680952,133.9552398
2010-07-01,2010,7,67.92686335,68.54838704,20.68965515,91.12426031,69.59459461,89.67741931,,,,,84.90515977,,53.0725334,,4364.15,28.12090691,23.39403396,35.59254891,24.82489296,25.53624346,8.3,45.1,531.7214286,134.7589712
2010-08-01,2010,8,69.80727806,60.15037589,43.04635758,88.31168827,74.70588237,82.82208585,,,,,85.73786458,,53.25193649,,4525.01,27.51463276,23.20482055,34.91530705,24.13091922,25.03281187,8.3,49.4,509.3240909,134.6242122
2010-09-01,2010,9,70.66270081,68.38235288,47.82608691,87.74193544,65.36312851,83.99999996,18079.58032,1366.656003,7319.648093,9437.004463,84.37132395,109.5950435,53.42449888,28474.96328,4795.38,28.00297126,23.54212629,35.50671432,25.51893939,25.09402443,8,53.8,493.933,135.1627091
2010-10-01,2010,10,76.61702586,78.63247856,53.48837204,89.99999996,74.13793106,86.82634726,,,,,87.60889393,,53.53373194,,4912.53,27.25242528,23.27880691,34.75053042,25.02735843,24.92229645,7.6,56.5,484.0415,135.2978718
2010-11-01,2010,11,73.39510354,67.8571428,52.86624199,87.11656438,76.12903228,83.00653591,,,,,91.58869276,,53.59100742,,4956.96,27.34191012,22.10854349,35.48190311,26.78980385,24.69541954,7.1,53.7,482.3166667,135.4331697
2010-12-01,2010,12,73.36434232,66.93548381,51.82481747,90.64748197,73.61111113,83.80281686,19823.7534,1753.167053,8344.140278,9698.545496,98.01290176,111.1558765,54.06856637,31534.89773,4927.53,26.44170293,20.85093618,34.07978284,25.80948478,25.05272463,7.1,52.2,474.7780952,135.5686028
2011-01-01,2011,1,74.54276428,70.92198575,57.62711859,88.88888885,67.70186337,87.57396445,,,,,88.09844024,,54.20837117,,4673.07,27.09389282,21.184237,34.26460483,27.15339172,26.09640906,7.3,51.7,489.4409524,135.9753086
2011-02-01,2011,2,75.78203691,64.23357658,58.6206896,90.18404904,79.16666669,86.70520227,,,,,82.73549415,,54.36439632,,4444.57,26.44719241,19.15238249,35.8492855,25.27572102,25.19465698,7.3,46.9,475.691,136.2472593
2011-03-01,2011,3,68.87361216,58.64661619,50.99337779,81.09755481,68.35443125,85.27608041,18334.29174,1416.871826,7828.467747,9113.615538,95.32640642,111.8285299,54.12224787,30157.69223,4624.47,25.88126176,21.72150105,34.8968915,23.40006324,24.22047744,7.3,46.7,479.6521739,137.3372373
2011-04-01,2011,4,78.3857919,74.24242514,62.65822524,89.14286082,78.61271883,87.27272908,,,,,91.49380433,,54.25800904,,4822.5,27.11788572,22.27921061,36.25978272,26.69722635,25.05327019,7,46,471.32,137.749249
2011-05-01,2011,5,68.72963511,65.21738584,49.4505458,85.63535689,60.73619569,82.60869096,,,,,92.09913768,,53.98399652,,4847.87,27.31975229,23,36.04,27.52,25.27,7.2,47.2,467.7286364,138.300246
2011-06-01,2011,6,70.69108836,66.40624722,56.20914405,87.23404734,67.54966705,76.05633578,19166.89242,1541.254155,7813.019581,9834.191562,88.94300733,117.4952981,54.20818981,30921.35693,4795.28,26.94085067,22.97,35.23,26.91,24.72,7.2,44.1,469.4119048,138.5768465
2011-07-01,2011,7,71.47117104,68.10344786,52.30769367,86.48648471,68.84057798,81.61765061,,,,,88.23281053,,54.60820301,,4425.98,27.43814138,22.82,36,27.37,25.36,7.5,44.7,462.9371429,138.7154234
2011-08-01,2011,8,66.2875303,66.06061488,51.57894974,82.74111129,51.16279494,79.8941803,,,,,89.48029632,,54.7006538,,4288.35,27.68,23.57,35.71,27.53,25.6,7.4,42,466.7904545,138.9928542
2011-09-01,2011,9,65.63195573,62.71186607,50.98038998,75.69444996,56.8181851,81.95488718,19390.41432,1585.663684,7852.060073,9970.718658,88.08690595,120.8950721,54.79361109,29659.84081,3888.58,28.74,27.28,36.72,27.76,25.89,7.4,45.9,483.6938095,139.6878185
2011-10-01,2011,10,62.72923239,59.59595994,41.63090399,82.90598818,48.29059622,81.2227133,,,,,91.58956617,,54.61360771,,4327.25,27.73,25.25,35.72,27.09,25.55,7.2,42.8,511.7442105,140.3862576
2011-11-01,2011,11,70.12415733,70.58823875,57.34596977,84.42210659,53.72341085,84.54106031,,,,,95.03117667,,54.6917215,,4161.29,26.96,24.21,34.09,26.53,25.32,7.1,46,508.437619,140.8074164
2011-12-01,2011,12,68.19477675,65.13157875,43.09392745,88.57142599,58.38149491,85.79545632,20993.06511,1940.344204,8868.433313,10157.58715,103.9855811,121.9341745,55.02206568,32082.55763,4177.53,27.48,24.9,33.58,27.49,25.97,6.6,44.8,517.1719048,141.6522609
2012-01-01,2012,1,73.0922009,67.5000063,59.69387944,84.28572204,66.31016074,87.67123559,,,,,92.47618398,,55.45372031,,4260.76,28.04,23.96,34.45,28.19,27.1,6.6,48.7,501.3395455,141.7939131
2012-02-01,2012,2,76.41011162,74.0331417,71.36563208,85.93750019,65.0000026,85.71428112,,,,,87.97048551,,55.31708185,,4535.6,29.81,27.12,36.22,28.78,28.38,6.4,49.6,481.4885714,142.3610888
2012-03-01,2012,3,74.74856932,67.19576792,69.32270696,82.88973736,73.36448522,80.97014877,19371.45073,1594.711642,8129.130025,9656.877595,99.34284749,120.1128451,55.5431663,31107.75041,4671.28,27.97,24.31,35.36,25.22,27.09,6.6,46.2,485.3954545,142.6458109
2012-04-01,2012,4,72.82897694,68.50829053,62.8318515,78.3549772,72.6315833,81.81818178,,,,,96.29465221,,55.52269546,,4585.77,28.97,25.78,36.78,26.19,27.1,6.5,46.5,486.001,142.7884568
2012-05-01,2012,5,73.19029586,70.58823392,64.64646008,82.65305889,64.02116709,84.04255894,,,,,96.84365248,,55.65575944,,4318.16,27.93154458,25.45,36.32,24.59,25.45,6.7,48.7,497.0880952,142.7884568
2012-06-01,2012,6,76.40147829,76.63043471,58.29959463,85.82677161,75.23364098,86.01694911,20304.16231,1713.367906,8271.209004,10330.58817,94.42352627,124.2482708,55.94966906,31968.87737,4400.1,28.01329261,24.44,36.59,28.96,24.97,6.6,50.3,505.6280952,142.3600914
2012-07-01,2012,7,71.4843731,71.42856827,66.6666666,74.30829457,70.30568358,74.71265211,,,,,93.83849877,,56.58186871,,4227.56,28.00703443,23.35,36.56,29.2,24.95,6.5,50.4,491.9345,142.3600914
2012-08-01,2012,8,74.14762382,75.36231283,65.14523428,78.260868,69.69696855,82.27273507,,,,,95.29492692,,56.77037889,,4155.68,27.72897033,23.5,36.71,28.03,24.84,6.4,52.4,480.9940909,142.6448116
2012-09-01,2012,9,75.78211392,75.62189542,66.41508794,88.04781399,67.42081754,81.4049543,20567.9607,1778.124305,8338.077282,10460.46796,91.57285695,127.5373091,56.54237334,31476.65391,4230.42,28.48198197,22.89,36.82,28.91,26.3,6.5,53.6,474.9717647,143.7859701
2012-10-01,2012,10,79.18017267,78.75000111,71.84115174,88.12260031,72.28915048,84.89795929,,,,,97.71303784,,56.34340852,,4266.35,27.42840714,21.92,36.03,28.25,24.57,6.6,52.7,475.3627273,144.6486859
2012-11-01,2012,11,74.97111509,76.58730503,67.79661248,77.11599348,69.96466071,83.39100336,,,,,100.2084069,,56.97394332,,4139.99,25.90477067,17.1,35.53,28.6,22.53,6.2,53.4,480.5705,143.9254425
2012-12-01,2012,12,70.8104404,68.42105472,66.15970115,73.14487937,64.83050833,81.49605804,22353.63782,2191.89589,9451.002093,10694.10701,107.3679864,130.5653635,57.56452687,34037.5075,4301.38,25.65805527,15.24,35.88,28.58,22.92,6.1,58.1,477.1284211,143.9254425
2013-01-01,2013,1,80.64645819,81.95488209,73.00000112,86.88524093,77.61733133,83.77483507,,,,,97.06341684,,57.7685996,,4552.4,25.89170233,14.52,36.81,29.08,23.25,6,58,472.6686364,144.2132933
2013-02-01,2013,2,78.76906493,83.42857408,62.08333265,92.24137886,74.27385688,81.81818178,,,,,90.53619989,,57.74552494,,4558.46,26.68675123,15.51,37.94,29.62,23.29,6.2,58.1,472.3445,144.3575066
2013-03-01,2013,3,77.95932494,74.30829768,73.52941214,86.57243527,72.85223191,82.53424728,20421.86553,1751.601443,8599.008956,10071.25514,102.384229,130.4606929,57.88804407,32551.29849,4432.14,26.56176715,22.88,35.74,28.39,21.24,6.2,56.8,472.484,144.9349367
2013-04-01,2013,4,78.73777655,79.99999993,66.9230789,86.89138603,75.38461362,84.48980386,,,,,100.9226862,,58.36616538,,4292.14,25.74,21.77,36.07,28.66,19.59,6.4,59.2,472.1372727,144.210262
2013-05-01,2013,5,76.73631348,77.33812335,65.10067405,88.12499443,68.16479662,84.95297854,,,,,100.2963772,,58.41470562,,4191.26,26.62,23.03,37.01,29.56,20.32,6.4,55.2,479.5828571,144.210262
2013-06-01,2013,6,78.48537696,82.19178049,63.84975825,92.13482757,64.91227784,89.33824026,21231.01808,1904.986302,8609.49493,10716.53685,98.23815296,135.1645644,58.05252185,33086.88095,4029.67,26.36,23.11,36.96,29.76,20.28,6.2,53,502.886,145.0755235
2013-07-01,2013,7,76.82894437,78.45303766,60.7142844,88.34081341,71.50838055,85.12820545,,,,,98.73163435,,58.19501304,,3732.54,26.99,20.21,37.05,29.52,23.1,5.7,50.7,504.9622727,145.5107501
2013-08-01,2013,8,72.05924878,68.26922789,57.98319666,86.02620664,65.63876355,82.37884876,,,,,98.60507419,,58.7029904,,3628.73,27.4107645,18.31,35.82,28.51,25.43,5.7,50.4,512.5885714,145.8017716
2013-09-01,2013,9,75.47534456,72.30769984,57.74058505,89.40677534,73.80951774,84.11214446,21458.5767,1991.082698,8673.404072,10794.08993,95.81421731,136.0410313,58.71121393,32254.52957,3823.85,27.45671466,17.49,35.89,28.98,25.62,5.7,54.6,504.57,146.5307805
2013-10-01,2013,10,74.6085345,71.32867095,64.21052626,88.11880584,65.48223352,83.90243554,,,,,101.4158427,,58.65256137,,3912.44,26.86396937,17.45,36.19,28.35,24.53,5.8,54,500.8063636,146.6773113
2013-11-01,2013,11,72.71660978,68.36158175,59.22330059,86.93466684,63.63635889,85.42714044,,,,,104.6111165,,58.67013525,,3789.06,26.78323487,17.12,34.08,28.54,25.02,5.7,55.9,519.25,147.2640205
2013-12-01,2013,12,74.0454366,75.14792517,55.8823509,89.68609327,62.06895731,87.44185596,23265.42623,2368.234189,9873.931139,11023.26091,111.3810528,138.7811433,59.00871649,35172.43607,3699.19,26.06178523,16.45,32.39,27.71,24.86,5.7,56.6,529.4505,148.1476046
2014-01-01,2014,1,76.38941398,77.09497689,58.9285735,90.7172975,68.1372519,87.06896973,,,,,99.14794148,,59.396176,,3439.41,26.41,17.06,33.28,28.1,24.75,6.1,54.6,537.0295455,148.4438998
2014-02-01,2014,2,72.35148615,64.85148647,63.86554852,87.28813947,60.55046283,85.20179308,,,,,93.55919705,,59.2414364,,3718.88,26.87,16.96,34.2,28.02,25.64,6.1,54.3,554.4085,149.1861193
2014-03-01,2014,3,71.93492862,68.26347374,56.28414646,89.16256405,64.82411243,81.14034605,21327.10025,1813.240456,9157.754061,10356.10573,105.4707152,139.2499648,59.24340475,32961.13311,3772.76,24.53,13.49,31.7,26.79,23.21,6.5,53.4,563.8433333,150.3796083
2014-04-01,2014,4,67.92119425,62.71185875,55.67010396,82.38095835,56.43563921,82.40741061,,,,,102.3094804,,59.14125108,,3909.64,26.13,13.97,32.18,27.06,25.87,6.1,52.6,554.6409524,151.2818859
2014-05-01,2014,5,71.10375742,67.63285436,52.68292732,86.05577305,64.41441335,84.73281863,,,,,102.3012124,,59.11593733,,3903.81,27.43,21.12,32.47,28.19,26.72,6.3,50.3,555.402,151.7357316
2014-06-01,2014,6,66.98298293,64.07185994,41.08911039,82.87036782,65.55024122,81.33333493,21793.54182,1884.153659,8967.389662,10941.9985,99.27901129,142.4677802,59.11613485,33498.91253,3875.73,26.58,16.34,31.56,28.12,26.24,6.5,49.2,553.0633333,151.8874673
2014-07-01,2014,7,69.87608813,65.60847044,49.53271538,85.48387562,62.67942889,86.07594993,,,,,99.14635143,,59.70120136,,3875.44,24.96,12.12,30.21,26.28,25.19,6.5,47.5,558.2081818,152.1912423
2014-08-01,2014,8,67.35661547,69.99999632,40.9448835,86.97479558,55.17241437,83.69098722,,,,,98.78232472,,59.67985812,,3996.64,24.74,12.63,29.65,25.65,24.94,6.7,43.1,579.052,152.647816
2014-09-01,2014,9,63.46948472,68.51851552,31.67421091,88.84119846,42.21311139,86.10038696,21854.70274,1849.75072,8931.842363,11073.10966,98.1924572,146.6462817,59.55715634,33135.52782,3943.56,24.96,12.17,29.77,23.23,26.28,6.6,42.5,593.468,153.8689985
2014-10-01,2014,10,53.02451508,49.99999996,19.15887461,76.74417774,42.51497149,76.70455133,,,,,103.2784735,,59.15408748,,3850.97,24.14,12.13,28.82,25.32,24.44,6.4,43.1,589.98,155.4076885
2014-11-01,2014,11,56.3459293,63.21242995,26.63755702,82.88288873,34.10137701,74.89539351,,,,,105.6259266,,59.48869126,,3991.78,23.93,11.97,28.12,25.22,24.26,6.1,41.1,592.4595,155.4076885
2014-12-01,2014,12,54.32329306,70.37037477,17.14285978,74.24242988,37.33332918,72.52747139,23708.8605,2232.724013,10181.96174,11294.17474,114.1077861,152.8159732,60.52870741,36029.82323,3850.96,23.7,12.6,26.53,24.72,24.65,6,45.3,612.919,154.7860577
2015-01-01,2015,1,59.34074742,55.93220547,24.0343325,82.11009131,49.73822021,84.88888731,,,,,101.8500327,,60.97165711,,3836.73,24.09,13.73,27.54,24.88,24.51,6.2,41.9,620.9095238,154.9408438
2015-02-01,2015,2,58.40654497,49.99999996,24.5613988,81.85840823,57.48792237,78.12499519,,,,,95.46342309,,60.82516758,,3983.72,25.23,12.14,28.95,26.25,25.16,6.1,44.7,623.6175,155.5606072
2015-03-01,2015,3,61.81586256,60.11561222,34.08071677,82.87037423,51.72414181,80.28846747,21762.52332,1738.969897,9373.313196,10646.45147,107.6324485,154.370086,60.94803493,33913.77929,3916.92,23.3,9.77,27.08,25,23.26,6.1,39.7,628.5031818,156.4939708
2015-04-01,2015,4,55.7643527,48.19277298,23.97959669,76.47059474,44.25287946,85.92591937,,,,,105.2432085,,60.46384145,,4043.45,23.62,10.32,27.72,25.19,23.6,6.1,38.3,614.727619,157.4329346
2015-05-01,2015,5,58.65509746,54.54545042,25.69832437,87.73005596,42.94872124,82.35293499,,,,,103.8582012,,60.38752977,,4045.62,23.78,9.73,27.62,25.42,23.46,6.6,39,607.5968421,157.7478005
2015-06-01,2015,6,55.69457386,54.36242019,16.20111071,85.71428567,37.67123949,84.52381295,22314.00859,1863.639558,9135.468498,11322.43995,102.1214486,156.6969697,60.21324818,34372.12379,3897.1,23.48,9.58,27.55,26.46,21.95,6.5,37.2,629.9947619,158.5365395
2015-07-01,2015,7,55.88158364,53.990611,28.63850619,74.20634924,45.04951315,77.52293836,,,,,101.5366025,,60.59532859,,3870.35,22.91,9.64,26.84,25.67,21.6,6.6,34.3,650.1395455,159.1706857
2015-08-01,2015,8,50.00021049,43.50282174,22.78480522,71.25000802,39.4904443,72.97297294,,,,,100.5385493,,60.14915425,,3840.21,23.52,9.67,27.03,25.96,22.57,6.5,33.9,688.1157143,160.2848805
2015-09-01,2015,9,56.63192468,51.53374233,27.22772277,80.87431694,43.31550802,80.20833333,22397.86063,1877.811085,9039.108246,11491.86396,100.7883289,162.2696193,60.25341513,33596.71183,3685.18,23.23,9.67,26.77,25.58,22.51,6.4,34.1,691.7290476,161.0863049
2015-10-01,2015,10,74.578244,68.02325581,47.36842105,91.2037037,74.59459459,91.70124481,,,,,104.9734396,,60.081376,,3827.99,23.14,10.17,26.3,25.53,22.22,6.3,35.2,685.3142857,161.7306501
2015-11-01,2015,11,52.80852799,53.89221557,22.85714286,72.4137931,36.84210526,78.03738318,,,,,108.3262924,,60.33488392,,3655.3,22.71,9.33,24.98,25.28,22.2,6.1,36.4,704.002381,161.7306501
2015-12-01,2015,12,59.30140578,49.13793103,43.44262295,72.72727273,49.52380952,81.67539267,24092.66262,2247.625081,10252.59639,11586.92848,117.0025253,166.5060166,60.94082967,36242.94801,3680.21,22.83,8.82,24.23,24.87,23.18,5.8,37,704.238,161.7306501
2016-01-01,2016,1,56.49862354,42.45283019,36.50793651,79.22077922,46.09375,78.21782178,,,,,103.3736879,,61.50512395,,3705.92,23.39,9.574399725,25.09989537,25.40235204,23.40836295,5.8,34.3,721.948,162.5393033
2016-02-01,2016,2,50.58445246,40.42553191,8.130081301,79.86111111,39.0625,85.44303797,,,,,99.77159773,,61.17394552,,3715.84,23.87,9.986642499,25.77253671,25.91838596,23.75207283,5.9,37.6,704.0847619,163.0269213
2016-03-01,2016,3,56.12876081,52.98013245,26.1627907,75,44.58598726,81.91489362,22516.03697,1888.209374,9640.374022,10983.60225,110.8156555,164.2552144,61.41898608,35035.67643,3937.49,22.69,8.53220047,24.54515899,25.45411238,22.36546644,6.3,35.5,682.0677273,163.6790289
2016-04-01,2016,4,51.33680158,44.59459459,11.42857143,76.14213198,41.42011834,83.09859155,,,,,105.9532431,,61.05863415,,4002.07,23.31,11.91520547,24.70691066,25.83181722,23.10449156,6.4,34.6,669.932381,164.170066
2016-05-01,2016,5,54.75072007,48.10810811,18.1372549,77.52808989,52.90697674,77.07317073,,,,,105.9217971,,60.96715606,,3934.71,22.87,12.18345562,24.5144824,25.22279532,22.50645746,6.8,33.9,681.8704545,164.4984062
2016-06-01,2016,6,59.84577483,51.18110236,25.17482517,79.31034483,56.84931507,86.71328671,22823.9204,1933.272125,9289.436076,11610.29169,103.3276612,161.0176814,60.96039883,34597.29484,3995.91,23.12,12.83141053,25.34570869,25.20096753,22.58111618,6.9,35.1,681.0719048,165.1563998
2016-07-01,2016,7,53.8913903,44.61538462,27.60736196,71.51898734,45.57823129,80.1369863,,,,,102.5028394,,61.12877488,,4117.47,23.19,12.48181201,25.80598732,25.0795296,22.67586313,7.1,33,657.5671429,165.4867126
2016-08-01,2016,8,54.8196715,50.58823529,27.48815166,60.11235955,53.80434783,82.10526316,,,,,103.6552232,,61.46112785,,4119.28,22.78,12.49793291,25.48866252,24.82356689,22.03335088,6.9,31.5,658.8904545,165.4867126
2016-09-01,2016,9,52.19589187,46.70658683,25.80645161,69.94219653,46.40883978,72.11538462,22874.77749,1939.895194,9215.933502,11730.60656,102.2020447,162.3120396,61.48921894,34518.84104,4015.25,23.16,12.65024841,26.11830755,24.95099679,22.57640498,6.8,33.4,668.632381,165.817686
2016-10-01,2016,10,53.70822745,55.55555556,30.05181347,69.32515337,39.59731544,74.01129944,,,,,104.6733279,,61.48685962,,4289.78,23.2,12.86564725,25.73563055,24.79638232,22.73647206,6.4,36.2,663.9221053,166.1493214
2016-11-01,2016,11,57.95746535,58.19672131,24.11764706,71.52317881,47.2972973,88.65248227,,,,,110.0408551,,61.55771292,,4207.24,22.64,11.86924613,25.16287505,24.66380268,22.26725013,6.2,37.2218911,666.117619,166.3154707
2016-12-01,2016,12,62.63921943,66.96428571,29.01234568,80.28169014,59.23076923,77.70700637,24745.54171,2350.546281,10526.11621,11861.84629,117.9672026,166.9935341,62.18715148,37596.59104,4151.39,22.38,11.8827897,24.80423654,23.88221179,22.31836193,6.1,40.08457333,667.1680952,165.9828398
2017-01-01,2017,1,62.8023512,64.34108527,32.93413174,75.64102564,61.9047619,79.19075145,,,,,104.4764518,,62.54317942,,4199.5,23.04,12.35475329,25.72592546,24.53997795,22.36464761,6.2,39.20097917,661.1942857,166.812754
2017-02-01,2017,2,56.37885486,49.26470588,38.46153846,70.34482759,52.11267606,71.71052632,,,,,97.73566358,,62.19099709,,4359.88,23.34,12.38,26.26,24.77,22.6,6.4,36.98346393,643.2095,167.1463795
2017-03-01,2017,3,59.24779168,63.07692308,29.31034483,70.39473684,52,81.45695364,23178.68221,2101.43812,9894.440863,11178.97907,110.5073028,169.851965,62.45569339,34999.68023,4783.42,22.02,11.18,25.57,24.07,20.63,6.6,37.32406006,661.2026087,167.814965
2017-04-01,2017,4,58.12483685,60.76923077,22.77777778,75.17241379,58.33333333,73.57142857,,,,,105.2128667,,62.16451393,,4795.13,22.83,11.14,25.79,24.97,22.07,6.7,40.07368137,655.7433333,168.1505949
2017-05-01,2017,5,58.10234381,61.15702479,21.64179104,73.6,62.5,71.61290323,,,,,107.1522154,,62.20341037,,4855.75,21.88,11.5,24.96,24.17,20.7,7,40.56276388,671.5395455,168.3187455
2017-06-01,2017,6,72.52504489,70.79646018,42.67515924,85.51724138,75,88.63636364,23455.72117,2169.619631,9554.400841,11737.94068,104.0931007,172.3018296,62.69182201,35440.56541,4747.24,22.2,12.81,25.35,24.23,20.75,7,40.81287352,665.1533333,167.6454705
2017-07-01,2017,7,61.1111009,66.66666667,29.71428571,72.95597484,51.4084507,84.81012658,,,,,104.6841175,,63.17985409,,5064.63,22.01,12.92,25.07,23.83,20.68,6.9,41.04892806,658.1714286,167.9807615
2017-08-01,2017,8,60.33842309,57.93103448,31.36094675,70.21276596,59.70149254,82.48587571,,,,,105.9293099,,63.36862915,,5153.15,21.45,13.02,24.56,23.36,19.97,6.6,41.12909543,644.2418182,168.316723
2017-09-01,2017,9,63.20974005,56.09756098,36.94267516,76.05633803,68.42105263,78.53107345,23547.14013,2217.857486,9452.000552,11886.43902,103.9657149,175.1527563,63.58491669,35641.4961,5341.93,22.06,12.88,25.15,23.9,20.96,6.7,45.8907679,625.5415789,167.9800896
2017-10-01,2017,10,61.66323943,46.49122807,38.85350318,76.19047619,64.61538462,82.1656051,,,,,108.0529555,,63.38912761,,5588.08,21.65,11.83,24.7,23.63,20.56,6.7,46.45276352,629.5465,168.9879701
2017-11-01,2017,11,62.69619677,53.98230088,42.36111111,75.78125,60.66666667,80.68965517,,,,,113.5832329,,63.6923253,,5003.4,21.15,10.97,23.96,23.31,20.18,6.5,47.38434439,633.767619,169.1569581
2017-12-01,2017,12,58.03516041,45.45454545,26.84824903,75.28089888,63.56589147,79.02621723,25539.25724,2596.159861,10827.00459,12111.60936,121.0604562,178.1536564,64.09525193,38727.06766,5564.6,21.34,10.76,23.75,22.96,21.03,6.4,53.14901587,636.9236842,169.326115
2018-01-01,2018,1,65.56254076,64.44444444,44.6969697,75,69.28104575,74.3902439,,,,,109.0010518,,64.27586252,,5855.38,21.67,11.92,24.52,23.43,20.76,6.5,51.49187407,605.5286364,170.1727456
2018-02-01,2018,2,65.16940154,53.38983051,47.2972973,79.52755906,70.28985507,75.34246575,,,,,102.3998341,,64.03493087,,5602.83,22.45,12.36,25.32,24.39,21.33,6.7,51.1,596.839,170.1727456
2018-03-01,2018,3,63.22738218,57.77777778,40,78.42105263,60.52631579,79.41176471,24028.80282,2325.34464,10070.16329,11636.00236,116.0885937,178.2095348,64.23553717,37090.15769,5542.22,20.91,10.82,24.18,23.18,19.61,6.9,50,603.4452381,170.5130911
2018-04-01,2018,4,65.48998279,62.26415094,52.54237288,72.60273973,55.28455285,84.75609756,,,,,112.0616984,,64.22466739,,5710.9,21.2,9.43,24.73,23.58,20.16,6.7,51.24991738,600.547619,171.0246304
2018-05-01,2018,5,68.00380814,66.37931034,39.7515528,87.87878788,62.67605634,83.33333333,,,,,112.2432468,,63.94512535,,5455.09,20.98,7.76,24.53,23.09,19.83,7,51.20448014,626.1190476,171.5377042
2018-06-01,2018,6,56.96841382,48.57142857,31.97969543,74.41860465,52,77.87234043,24602.83575,2476.560786,9822.257469,12317.10685,108.7733565,181.0241397,63.98607247,37462.57846,5301.25,21.29,9.6,25.03,23.47,19.73,7.2,52.73459195,636.1461905,171.709242
2018-07-01,2018,7,60.2307959,68.38235294,21.58273381,72.18543046,52.73972603,86.26373626,,,,,107.7834605,,64.05598126,,5434.44,20.98,9.66,24.4,22.74,19.93,7.3,49.99547489,652.407,172.3960789
2018-08-01,2018,8,61.5412806,56.69291339,21.16788321,84.73282443,61.65413534,83.45864662,,,,,108.7919612,,63.96285911,,5270.44,20.46,9.86,24.27,22.38,18.88,7.3,46.97483983,656.2509091,172.7408711
2018-09-01,2018,9,52.80957683,40,31.91489362,63.15789474,51.38888889,77.5862069,24502.61758,2374.048921,9673.194914,12465.39155,106.1176478,186.7942216,64.38334498,36511.77335,5283.53,21.32,9.17,24.89,23.35,19.93,7.1,46.07010836,680.9147059,173.2590937
2018-10-01,2018,10,56.21670711,53.09734513,29.29936306,68.18181818,54.47761194,76.02739726,,,,,112.7604215,,64.09234538,,5104.33,20.13,7.97,23.73,22.25,18.88,7.1,46.66852776,676.8409091,173.9521301
2018-11-01,2018,11,52.79089986,46.15384615,37.76223776,64,48.97959184,67.05882353,,,,,117.3684526,,64.44301657,,5111.88,20.71,7.19,24.24,22.76,19.36,6.8,44.93838545,677.612,173.9521301
2018-12-01,2018,12,47.83489273,44.84536082,28.57142857,66.26506024,41.11111111,58.38150289,26446.03591,2721.892203,11066.08348,12668.85068,124.8389473,185.7472287,64.81826507,39198.53425,5105.43,20.58,7.11,23.75,22.57,19.89,6.7,44.58978102,681.9868421,173.7781779
2019-01-01,2019,1,52.39927778,47.77777778,36.31578947,70.93596059,54.45544554,52.51141553,,,,,111.0881211,,65.26514708,,5405.61,21.55,10.81,24.53,23.23,20.17,6.8,47.04798718,677.0618182,173.9519561
2019-02-01,2019,2,49.29268992,44.44444444,32.29166667,64.84018265,48.20512821,56.68202765,,,,,103.5682728,,65.36287521,,5287.54,22.14,11.64,25.17,23.96,20.64,6.7,46.27710433,656.3045,173.9519561
2019-03-01,2019,3,52.51207941,54.11764706,38.92215569,66.99029126,53.03030303,49.5,24801.86945,2298.076154,10260.58633,12235.47577,118.092378,,65.62113832,37758.67224,5259.41,20.95,9.66,24.26,23.39,19.19,6.9,42.31779817,667.6785714,174.8217159
2019-04-01,2019,4,52.64924744,54.09836066,39.53488372,60.20942408,53.00546448,56.39810427,,,,,114.1910401,,65.82977702,,5187.1,21.04,9.93,24.48,23.44,19.51,6.9,43.1882508,667.3990476,175.346181
2019-05-01,2019,5,55.49302089,60.29411765,52.1978022,61.69154229,49.72972973,53.55191257,,,,,114.8405359,,65.38613319,,4977.09,20.59,10.45,23.9,22.63,18.77,7.1,40.65985514,692.0038095,176.3982581
2019-06-01,2019,6,53.08661125,55.6097561,45.50898204,58.67346939,54.83870968,50.80213904,25164.77844,2398.39685,9961.610275,12807.52795,110.4247378,,65.31810531,37747.31839,5070.72,20.74,10.27,24.54,22.71,18.88,7.1,37.76876952,692.409,176.3982581
2019-07-01,2019,7,55.59264604,57.00934579,47.33727811,59.27835052,53.51351351,60.82474227,,,,,111.2340638,,65.57810941,,4972.36,20.49,10.33,23.96,22.83,18.5,7.2,40.25073624,686.0595455,176.7510546
2019-08-01,2019,8,54.74821784,54.27135678,43.20987654,59.80861244,58.63874346,57.8125,,,,,112.796174,,,,4804.37,19.77,10.17,23.37,21.95,17.84,7.2,39.42028046,713.7033333,177.1045568
