Date,Open,High,Low,Close,Adj Close,Volume
27-12-2016,790.679993,797.859985,787.656982,791.549988,791.549988,789100
28-12-2016,793.700012,794.22998,783.200012,785.049988,785.049988,1153800
29-12-2016,783.330017,785.929993,778.919983,782.789978,782.789978,744300
30-12-2016,782.75,782.780029,770.409973,771.820007,771.820007,1770000
03-01-2017,778.809998,789.630005,775.799988,786.140015,786.140015,1657300
04-01-2017,788.359985,791.340027,783.159973,786.900024,786.900024,1073000
05-01-2017,786.080017,794.47998,785.02002,794.02002,794.02002,1335200
06-01-2017,795.26001,807.900024,792.203979,806.150024,806.150024,1640200
09-01-2017,806.400024,809.966003,802.830017,806.650024,806.650024,1274600
10-01-2017,807.859985,809.130005,803.51001,804.789978,804.789978,1176800
11-01-2017,805,808.150024,801.369995,807.909973,807.909973,1065900
12-01-2017,807.140015,807.390015,799.169983,806.359985,806.359985,1353100
13-01-2017,807.47998,811.223999,806.690002,807.880005,807.880005,1099200
17-01-2017,807.080017,807.140015,800.369995,804.609985,804.609985,1362100
18-01-2017,805.809998,806.205017,800.98999,806.070007,806.070007,1294400
19-01-2017,805.119995,809.47998,801.799988,802.174988,802.174988,919300
20-01-2017,806.909973,806.909973,801.690002,805.02002,805.02002,1670000
23-01-2017,807.25,820.869995,803.73999,819.309998,819.309998,1963600
24-01-2017,822.299988,825.900024,817.820984,823.869995,823.869995,1474000
25-01-2017,829.619995,835.77002,825.059998,835.669983,835.669983,1494500
26-01-2017,837.809998,838,827.01001,832.150024,832.150024,2973900
27-01-2017,834.710022,841.950012,820.440002,823.309998,823.309998,2965800
30-01-2017,814.659973,815.840027,799.799988,802.320007,802.320007,3246600
31-01-2017,796.859985,801.25,790.52002,796.789978,796.789978,2160600
01-02-2017,799.679993,801.190002,791.190002,795.695007,795.695007,2029700
02-02-2017,793.799988,802.700012,792,798.530029,798.530029,1532100
03-02-2017,802.98999,806,800.369995,801.48999,801.48999,1463400
06-02-2017,799.700012,801.669983,795.25,801.340027,801.340027,1184500
07-02-2017,803.98999,810.5,801.780029,806.969971,806.969971,1241200
08-02-2017,807,811.840027,803.190002,808.380005,808.380005,1155300
09-02-2017,809.51001,810.659973,804.539978,809.559998,809.559998,989700
10-02-2017,811.700012,815.25,809.780029,813.669983,813.669983,1135000
13-02-2017,816,820.958984,815.48999,819.23999,819.23999,1213300
14-02-2017,819,823,816,820.450012,820.450012,1054700
15-02-2017,819.359985,823,818.469971,818.97998,818.97998,1313600
16-02-2017,819.929993,824.400024,818.97998,824.159973,824.159973,1287600
17-02-2017,823.02002,828.070007,821.655029,828.070007,828.070007,1611000
21-02-2017,828.659973,833.450012,828.349976,831.659973,831.659973,1262300
22-02-2017,828.659973,833.25,828.640015,830.76001,830.76001,982900
23-02-2017,830.119995,832.460022,822.880005,831.330017,831.330017,1472800
24-02-2017,827.72998,829,824.200012,828.640015,828.640015,1392200
27-02-2017,824.549988,830.5,824,829.280029,829.280029,1101500
28-02-2017,825.609985,828.539978,820.200012,823.210022,823.210022,2260800
01-03-2017,828.849976,836.255005,827.26001,835.23999,835.23999,1496500
02-03-2017,833.849976,834.51001,829.640015,830.630005,830.630005,942500
03-03-2017,830.559998,831.359985,825.750977,829.080017,829.080017,896400
06-03-2017,826.950012,828.880005,822.400024,827.780029,827.780029,1109000
07-03-2017,827.400024,833.409973,826.52002,831.909973,831.909973,1037600
08-03-2017,833.51001,838.150024,831.789978,835.369995,835.369995,989800
09-03-2017,836,842,834.210022,838.679993,838.679993,1261500
10-03-2017,843.280029,844.909973,839.5,843.25,843.25,1704000
13-03-2017,844,848.684998,843.25,845.539978,845.539978,1223600
14-03-2017,843.640015,847.23999,840.799988,845.619995,845.619995,779900
15-03-2017,847.590027,848.630005,840.77002,847.200012,847.200012,1381500
16-03-2017,849.030029,850.849976,846.130005,848.780029,848.780029,977600
17-03-2017,851.609985,853.400024,847.109985,852.119995,852.119995,1712300
20-03-2017,850.01001,850.219971,845.150024,848.400024,848.400024,1231500
21-03-2017,851.400024,853.5,829.02002,830.460022,830.460022,2463500
22-03-2017,831.909973,835.549988,827.179993,829.590027,829.590027,1401500
23-03-2017,821,822.570007,812.257019,817.580017,817.580017,3487100
24-03-2017,820.080017,821.929993,808.890015,814.429993,814.429993,1981000
27-03-2017,806.950012,821.630005,803.369995,819.51001,819.51001,1894300
28-03-2017,820.409973,825.98999,814.026978,820.919983,820.919983,1620500
29-03-2017,825,832.765015,822.380005,831.409973,831.409973,1786300
30-03-2017,833.5,833.679993,829,831.5,831.5,1055300
31-03-2017,828.969971,831.640015,827.390015,829.559998,829.559998,1401900
03-04-2017,829.219971,840.849976,829.219971,838.549988,838.549988,1671500
04-04-2017,831.359985,835.179993,829.036011,834.570007,834.570007,1045400
05-04-2017,835.51001,842.450012,830.719971,831.409973,831.409973,1555300
06-04-2017,832.400024,836.390015,826.460022,827.880005,827.880005,1254400
07-04-2017,827.960022,828.484985,820.513,824.669983,824.669983,1057300
10-04-2017,825.390015,829.349976,823.77002,824.72998,824.72998,978900
11-04-2017,824.710022,827.427002,817.02002,823.349976,823.349976,1079700
12-04-2017,821.929993,826.659973,821.02002,824.320007,824.320007,900500
13-04-2017,822.140015,826.380005,821.440002,823.559998,823.559998,1122400
17-04-2017,825.01001,837.75,824.469971,837.169983,837.169983,895000
18-04-2017,834.219971,838.929993,832.710022,836.820007,836.820007,836700
19-04-2017,839.789978,842.219971,836.289978,838.210022,838.210022,954200
20-04-2017,841.440002,845.200012,839.320007,841.650024,841.650024,959000
21-04-2017,842.880005,843.880005,840.599976,843.190002,843.190002,1323600
24-04-2017,851.200012,863.450012,849.859985,862.76001,862.76001,1372500
25-04-2017,865,875,862.809998,872.299988,872.299988,1672000
26-04-2017,874.22998,876.049988,867.747986,871.72998,871.72998,1237200
27-04-2017,873.599976,875.400024,870.380005,874.25,874.25,2026800
28-04-2017,910.659973,916.849976,905.77002,905.960022,905.960022,3276300
01-05-2017,901.940002,915.679993,901.450012,912.570007,912.570007,2116000
02-05-2017,909.619995,920.77002,909.453003,916.440002,916.440002,1587200
03-05-2017,914.859985,928.099976,912.54303,927.039978,927.039978,1499500
04-05-2017,926.070007,935.929993,924.590027,931.659973,931.659973,1422100
05-05-2017,933.539978,934.900024,925.200012,927.130005,927.130005,1911300
08-05-2017,926.119995,936.924988,925.26001,934.299988,934.299988,1329800
09-05-2017,936.950012,937.5,929.530029,932.169983,932.169983,1581800
10-05-2017,931.97998,932,925.159973,928.780029,928.780029,1173900
11-05-2017,925.320007,932.530029,923.030029,930.599976,930.599976,835000
12-05-2017,931.530029,933.440002,927.849976,932.219971,932.219971,1050600
15-05-2017,932.950012,938.25,929.340027,937.080017,937.080017,1108100
16-05-2017,940,943.109985,937.580017,943,943,969500
17-05-2017,935.669983,939.333008,918.140015,919.619995,919.619995,2362100
18-05-2017,921,933.169983,918.75,930.23999,930.23999,1596900
19-05-2017,931.469971,937.755005,931,934.01001,934.01001,1393000
22-05-2017,935,941.882996,935,941.859985,941.859985,1120400
23-05-2017,947.919983,951.46698,942.575012,948.820007,948.820007,1270800
24-05-2017,952.97998,955.090027,949.5,954.960022,954.960022,1024800
25-05-2017,957.330017,972.629028,955.469971,969.539978,969.539978,1660500
26-05-2017,969.700012,974.97998,965.030029,971.469971,971.469971,1252000
30-05-2017,970.309998,976.200012,969.48999,975.880005,975.880005,1466700
31-05-2017,975.02002,979.27002,960.179993,964.859985,964.859985,2448100
01-06-2017,968.950012,971.5,960.01001,966.950012,966.950012,1410500
02-06-2017,969.460022,975.880005,966,975.599976,975.599976,1751000
05-06-2017,976.549988,986.909973,975.099976,983.679993,983.679993,1252100
06-06-2017,983.159973,988.25,975.140015,976.570007,976.570007,1814600
07-06-2017,980,983.97998,975.940002,980.940002,980.940002,1453900
08-06-2017,982.349976,984.570007,977.200012,983.409973,983.409973,1481900
09-06-2017,984.5,984.5,935.630005,949.830017,949.830017,3309400
12-06-2017,939.559998,949.35498,915.232971,942.900024,942.900024,3763500
13-06-2017,951.909973,959.97998,944.090027,953.400024,953.400024,2013300
14-06-2017,959.919983,961.150024,942.25,950.76001,950.76001,1489700
15-06-2017,933.969971,943.338989,924.440002,942.309998,942.309998,2133100
16-06-2017,940,942.039978,931.594971,939.780029,939.780029,3094700
19-06-2017,949.960022,959.98999,949.049988,957.369995,957.369995,1533300
20-06-2017,957.52002,961.619995,950.01001,950.630005,950.630005,1126000
21-06-2017,953.640015,960.099976,950.76001,959.450012,959.450012,1202200
22-06-2017,958.700012,960.719971,954.549988,957.090027,957.090027,941400
23-06-2017,956.830017,966,954.200012,965.590027,965.590027,1527900
26-06-2017,969.900024,973.309998,950.789978,952.27002,952.27002,1598400
27-06-2017,942.460022,948.289978,926.849976,927.330017,927.330017,2579900
28-06-2017,929,942.75,916,940.48999,940.48999,2721400
29-06-2017,929.919983,931.26001,910.619995,917.789978,917.789978,3299200
30-06-2017,926.049988,926.049988,908.309998,908.72998,908.72998,2090200
03-07-2017,912.179993,913.940002,894.789978,898.700012,898.700012,1709800
05-07-2017,901.76001,914.51001,898.5,911.710022,911.710022,1813900
06-07-2017,904.119995,914.94397,899.700012,906.690002,906.690002,1424500
07-07-2017,908.849976,921.539978,908.849976,918.590027,918.590027,1637800
10-07-2017,921.77002,930.380005,919.590027,928.799988,928.799988,1192800
11-07-2017,929.539978,931.429993,922,930.090027,930.090027,1113200
12-07-2017,938.679993,946.299988,934.469971,943.830017,943.830017,1532100
13-07-2017,946.289978,954.450012,943.01001,947.159973,947.159973,1294700
14-07-2017,952,956.909973,948.005005,955.98999,955.98999,1053800
17-07-2017,957,960.73999,949.241028,953.419983,953.419983,1165500
18-07-2017,953,968.039978,950.599976,965.400024,965.400024,1154000
19-07-2017,967.840027,973.039978,964.030029,970.890015,970.890015,1224500
20-07-2017,975,975.900024,961.51001,968.150024,968.150024,1624500
21-07-2017,962.25,973.22998,960.150024,972.919983,972.919983,1711000
24-07-2017,972.219971,986.200012,970.77002,980.340027,980.340027,3248300
25-07-2017,953.809998,959.700012,945.400024,950.700012,950.700012,4661000
26-07-2017,954.679993,955,942.278992,947.799988,947.799988,2088300
27-07-2017,951.780029,951.780029,920,934.090027,934.090027,3213000
28-07-2017,929.400024,943.830017,927.5,941.530029,941.530029,1846400
31-07-2017,941.890015,943.590027,926.039978,930.5,930.5,1970100
01-08-2017,932.380005,937.447021,929.26001,930.830017,930.830017,1277700
02-08-2017,928.609985,932.599976,916.679993,930.390015,930.390015,1824400
03-08-2017,930.340027,932.23999,922.23999,923.650024,923.650024,1202500
04-08-2017,926.75,930.307007,923.030029,927.960022,927.960022,1082300
07-08-2017,929.059998,931.700012,926.5,929.359985,929.359985,1032200
08-08-2017,927.090027,935.814026,925.609985,926.789978,926.789978,1061600
09-08-2017,920.609985,925.97998,917.25,922.900024,922.900024,1192100
10-08-2017,917.549988,919.26001,906.130005,907.23999,907.23999,1824000
11-08-2017,907.969971,917.780029,905.580017,914.390015,914.390015,1206800
14-08-2017,922.530029,924.66803,918.190002,922.669983,922.669983,1064500
15-08-2017,924.22998,926.549988,919.820007,922.219971,922.219971,883400
16-08-2017,925.289978,932.700012,923.445007,926.960022,926.960022,1006700
17-08-2017,925.780029,926.859985,910.97998,910.97998,910.97998,1277200
18-08-2017,910.309998,915.275024,907.153992,910.669983,910.669983,1342700
21-08-2017,910,913,903.400024,906.659973,906.659973,943400
22-08-2017,912.719971,925.859985,911.474976,924.690002,924.690002,1166700
23-08-2017,921.929993,929.929993,919.359985,927,927,1090200
24-08-2017,928.659973,930.840027,915.5,921.280029,921.280029,1270300
25-08-2017,923.48999,925.554993,915.5,915.890015,915.890015,1053400
28-08-2017,916,919.244995,911.869995,913.809998,913.809998,1086500
29-08-2017,905.099976,923.330017,905,921.289978,921.289978,1185600
30-08-2017,920.049988,930.81897,919.650024,929.570007,929.570007,1301200
31-08-2017,931.76001,941.97998,931.76001,939.330017,939.330017,1582600
01-09-2017,941.130005,942.47998,935.150024,937.340027,937.340027,947400
05-09-2017,933.080017,937,921.960022,928.450012,928.450012,1326400
06-09-2017,930.150024,930.914978,919.27002,927.809998,927.809998,1527700
07-09-2017,931.72998,936.409973,923.619995,935.950012,935.950012,1212700
08-09-2017,936.48999,936.98999,924.880005,926.5,926.5,1011500
11-09-2017,934.25,938.380005,926.919983,929.080017,929.080017,1267000
12-09-2017,932.590027,933.47998,923.861023,932.070007,932.070007,1134400
13-09-2017,930.659973,937.25,929.859985,935.090027,935.090027,1102600
14-09-2017,931.25,932.77002,924,925.109985,925.109985,1397600
15-09-2017,924.659973,926.48999,916.359985,920.289978,920.289978,2505400
18-09-2017,920.01001,922.080017,910.599976,915,915,1306900
19-09-2017,917.419983,922.419983,912.549988,921.809998,921.809998,936700
20-09-2017,922.97998,933.880005,922,931.580017,931.580017,1669800
21-09-2017,933,936.530029,923.830017,932.450012,932.450012,1290600
22-09-2017,927.75,934.72998,926.47998,928.530029,928.530029,1052700
25-09-2017,925.450012,926.400024,909.700012,920.969971,920.969971,1856800
26-09-2017,923.719971,930.820007,921.140015,924.859985,924.859985,1666900
27-09-2017,927.73999,949.900024,927.73999,944.48999,944.48999,2239400
28-09-2017,941.359985,950.690002,940.549988,949.5,949.5,1020300
29-09-2017,952,959.786011,951.51001,959.109985,959.109985,1581000
02-10-2017,959.97998,962.539978,947.840027,953.27002,953.27002,1283400
03-10-2017,954,958,949.140015,957.789978,957.789978,888300
04-10-2017,957,960.390015,950.690002,951.679993,951.679993,952400
05-10-2017,955.48999,970.909973,955.179993,969.960022,969.960022,1213800
06-10-2017,966.700012,979.460022,963.359985,978.890015,978.890015,1173900
09-10-2017,980,985.424988,976.109985,977,977,891400
10-10-2017,980,981.570007,966.080017,972.599976,972.599976,968400
11-10-2017,973.719971,990.710022,972.25,989.25,989.25,1693300
12-10-2017,987.450012,994.119995,985,987.830017,987.830017,1262400
13-10-2017,992,997.210022,989,989.679993,989.679993,1169800
16-10-2017,992.099976,993.906982,984,992,992,910500
17-10-2017,990.289978,996.440002,988.590027,992.179993,992.179993,1290200
18-10-2017,991.77002,996.719971,986.974976,992.809998,992.809998,1057600
19-10-2017,986,988.880005,978.390015,984.450012,984.450012,1313600
20-10-2017,989.440002,991,984.580017,988.200012,988.200012,1183200
23-10-2017,989.52002,989.52002,966.119995,968.450012,968.450012,1478400
24-10-2017,970,972.22998,961,970.539978,970.539978,1212200
25-10-2017,968.369995,976.090027,960.52002,973.330017,973.330017,1211300
26-10-2017,980,987.599976,972.200012,972.559998,972.559998,2042100
27-10-2017,1009.190002,1048.390015,1008.200012,1019.27002,1019.27002,5167700
30-10-2017,1014,1024.969971,1007.5,1017.109985,1017.109985,2085100
31-10-2017,1015.219971,1024,1010.419983,1016.640015,1016.640015,1330700
01-11-2017,1017.210022,1029.670044,1016.950012,1025.5,1025.5,1373400
02-11-2017,1021.76001,1028.089966,1013.01001,1025.579956,1025.579956,1049000
03-11-2017,1022.109985,1032.650024,1020.309998,1032.47998,1032.47998,1076400
06-11-2017,1028.98999,1034.869995,1025,1025.900024,1025.900024,1125200
07-11-2017,1027.27002,1033.969971,1025.130005,1033.329956,1033.329956,1112300
08-11-2017,1030.52002,1043.521973,1028.449951,1039.849976,1039.849976,1088700
09-11-2017,1033.98999,1033.98999,1019.666016,1031.26001,1031.26001,1245200
10-11-2017,1026.459961,1030.76001,1025.280029,1028.069946,1028.069946,720000
13-11-2017,1023.419983,1031.579956,1022.570007,1025.75,1025.75,885800
14-11-2017,1022.590027,1026.810059,1014.150024,1026,1026,959200
15-11-2017,1019.210022,1024.089966,1015.419983,1020.909973,1020.909973,854000
16-11-2017,1022.52002,1035.920044,1022.52002,1032.5,1032.5,1129700
17-11-2017,1034.01001,1034.420044,1017.75,1019.090027,1019.090027,1397100
20-11-2017,1020.26001,1022.609985,1017.5,1018.380005,1018.380005,953500
21-11-2017,1023.309998,1035.109985,1022.655029,1034.48999,1034.48999,1097000
22-11-2017,1035,1039.706055,1031.430054,1035.959961,1035.959961,746300
24-11-2017,1035.869995,1043.177979,1035,1040.609985,1040.609985,537000
27-11-2017,1040,1055.459961,1038.439941,1054.209961,1054.209961,1307900
28-11-2017,1055.089966,1062.375,1040,1047.410034,1047.410034,1424400
29-11-2017,1042.680054,1044.079956,1015.650024,1021.659973,1021.659973,2459400
30-11-2017,1022.369995,1028.48999,1015,1021.409973,1021.409973,1724000
01-12-2017,1015.799988,1022.48999,1002.02002,1010.169983,1010.169983,1909600
04-12-2017,1012.659973,1016.099976,995.570007,998.679993,998.679993,1906400
05-12-2017,995.940002,1020.609985,988.280029,1005.150024,1005.150024,2067300
06-12-2017,1001.5,1024.969971,1001.140015,1018.380005,1018.380005,1272000
07-12-2017,1020.429993,1034.23999,1018.070984,1030.930054,1030.930054,1458200
08-12-2017,1037.48999,1042.050049,1032.521973,1037.050049,1037.050049,1290800
11-12-2017,1035.5,1043.800049,1032.050049,1041.099976,1041.099976,1192800
12-12-2017,1039.630005,1050.310059,1033.689941,1040.47998,1040.47998,1279500
13-12-2017,1046.119995,1046.665039,1038.380005,1040.609985,1040.609985,1282700
14-12-2017,1045,1058.5,1043.109985,1049.150024,1049.150024,1558700
15-12-2017,1054.609985,1067.619995,1049.5,1064.189941,1064.189941,3275900
18-12-2017,1066.079956,1078.48999,1062,1077.140015,1077.140015,1554600
19-12-2017,1075.199951,1076.839966,1063.550049,1070.680054,1070.680054,1338700
20-12-2017,1071.780029,1073.380005,1061.52002,1064.949951,1064.949951,1268600
21-12-2017,1064.949951,1069.329956,1061.793945,1063.630005,1063.630005,995700
22-12-2017,1061.109985,1064.199951,1059.439941,1060.119995,1060.119995,755100
26-12-2017,1058.069946,1060.119995,1050.199951,1056.73999,1056.73999,760600
27-12-2017,1057.390015,1058.369995,1048.050049,1049.369995,1049.369995,1271900
28-12-2017,1051.599976,1054.75,1044.77002,1048.140015,1048.140015,837100
29-12-2017,1046.719971,1049.699951,1044.900024,1046.400024,1046.400024,887500
02-01-2018,1048.339966,1066.939941,1045.22998,1065,1065,1237600
03-01-2018,1064.310059,1086.290039,1063.209961,1082.47998,1082.47998,1430200
04-01-2018,1088,1093.569946,1084.001953,1086.400024,1086.400024,1004600
05-01-2018,1094,1104.25,1092,1102.22998,1102.22998,1279100
08-01-2018,1102.22998,1111.27002,1101.619995,1106.939941,1106.939941,1047600
09-01-2018,1109.400024,1110.569946,1101.230957,1106.26001,1106.26001,902500
10-01-2018,1097.099976,1104.599976,1096.109985,1102.609985,1102.609985,1042800
11-01-2018,1106.300049,1106.525024,1099.589966,1105.52002,1105.52002,978300
12-01-2018,1102.410034,1124.290039,1101.150024,1122.26001,1122.26001,1720500
16-01-2018,1132.51001,1139.910034,1117.832031,1121.76001,1121.76001,1575300
17-01-2018,1126.219971,1132.599976,1117.01001,1131.97998,1131.97998,1202600
18-01-2018,1131.410034,1132.51001,1117.5,1129.790039,1129.790039,1198200
19-01-2018,1131.829956,1137.859985,1128.300049,1137.51001,1137.51001,1778200
22-01-2018,1137.48999,1159.880005,1135.109985,1155.810059,1155.810059,1618000
23-01-2018,1159.849976,1171.626953,1158.75,1169.969971,1169.969971,1333100
24-01-2018,1177.329956,1179.859985,1161.050049,1164.23999,1164.23999,1416600
25-01-2018,1172.530029,1175.939941,1162.76001,1170.369995,1170.369995,1480500
26-01-2018,1175.079956,1175.839966,1158.109985,1175.839966,1175.839966,2018800
29-01-2018,1176.47998,1186.890015,1171.97998,1175.579956,1175.579956,1378900
30-01-2018,1167.829956,1176.52002,1163.52002,1163.689941,1163.689941,1556300
31-01-2018,1170.569946,1173,1159.130005,1169.939941,1169.939941,1538700
01-02-2018,1162.609985,1174,1157.52002,1167.699951,1167.699951,2412100
02-02-2018,1122,1123.069946,1107.277954,1111.900024,1111.900024,4857900
05-02-2018,1090.599976,1110,1052.030029,1055.800049,1055.800049,3798300
06-02-2018,1027.180054,1081.709961,1023.137024,1080.599976,1080.599976,3448000
07-02-2018,1081.540039,1081.780029,1048.26001,1048.579956,1048.579956,2369200
08-02-2018,1055.410034,1058.619995,1000.659973,1001.52002,1001.52002,2859100
09-02-2018,1017.25,1043.969971,992.559998,1037.780029,1037.780029,3505900
12-02-2018,1048,1061.5,1040.927979,1051.939941,1051.939941,2057700
13-02-2018,1045,1058.369995,1044.087036,1052.099976,1052.099976,1265100
14-02-2018,1048.949951,1071.719971,1046.75,1069.699951,1069.699951,1555800
15-02-2018,1079.069946,1091.479004,1064.339966,1089.52002,1089.52002,1843400
16-02-2018,1088.410034,1104.670044,1088.312988,1094.800049,1094.800049,1679500
20-02-2018,1090.569946,1113.949951,1088.52002,1102.459961,1102.459961,1423100
21-02-2018,1106.469971,1133.969971,1106.329956,1111.339966,1111.339966,1512900
22-02-2018,1116.189941,1122.819946,1102.589966,1106.630005,1106.630005,1317200
23-02-2018,1112.640015,1127.280029,1104.713989,1126.790039,1126.790039,1261000
26-02-2018,1127.800049,1143.959961,1126.694946,1143.75,1143.75,1559100
27-02-2018,1141.23999,1144.040039,1118,1118.290039,1118.290039,1774100
28-02-2018,1123.030029,1127.530029,1103.23999,1104.72998,1104.72998,1882600
01-03-2018,1107.869995,1110.119995,1067.000977,1069.52002,1069.52002,2515900
02-03-2018,1053.079956,1081.999023,1048.11499,1078.920044,1078.920044,2271600
05-03-2018,1075.140015,1097.099976,1069,1090.930054,1090.930054,1202200
06-03-2018,1099.219971,1101.849976,1089.775024,1095.060059,1095.060059,1532800
07-03-2018,1089.189941,1112.219971,1085.482056,1109.640015,1109.640015,1292500
08-03-2018,1115.319946,1127.599976,1112.800049,1126,1126,1355100
09-03-2018,1136,1160.800049,1132.46106,1160.040039,1160.040039,2128000
12-03-2018,1163.849976,1177.050049,1157.420044,1164.5,1164.5,2172300
13-03-2018,1170,1176.76001,1133.329956,1138.170044,1138.170044,1907200
14-03-2018,1145.209961,1158.589966,1141.439941,1149.48999,1149.48999,1291400
15-03-2018,1149.959961,1161.079956,1134.540039,1149.579956,1149.579956,1395400
16-03-2018,1154.140015,1155.880005,1131.959961,1135.72998,1135.72998,3092000
19-03-2018,1120.01001,1121.98999,1089.01001,1099.819946,1099.819946,2805900
20-03-2018,1099,1105.199951,1083.459961,1097.709961,1097.709961,1831900
21-03-2018,1092.73999,1106.300049,1085.150024,1090.880005,1090.880005,1878900
22-03-2018,1081.880005,1082.900024,1045.910034,1049.079956,1049.079956,2667000
23-03-2018,1047.030029,1063.359985,1021.219971,1021.570007,1021.570007,2156700
26-03-2018,1046,1055.630005,1008.400024,1053.209961,1053.209961,2665100
27-03-2018,1063,1064.838989,996.919983,1005.099976,1005.099976,3095300
28-03-2018,998,1024.22998,980.640015,1004.559998,1004.559998,3369300
29-03-2018,1011.630005,1043,1002.900024,1031.790039,1031.790039,2726800
02-04-2018,1022.820007,1034.800049,990.369995,1006.469971,1006.469971,2680400
03-04-2018,1013.909973,1020.98999,994.070007,1013.409973,1013.409973,2275100
04-04-2018,993.409973,1028.718018,993,1025.140015,1025.140015,2484700
05-04-2018,1041.329956,1042.790039,1020.130981,1027.810059,1027.810059,1363000
06-04-2018,1020,1031.420044,1003.030029,1007.039978,1007.039978,1746400
09-04-2018,1016.799988,1039.599976,1014.080017,1015.450012,1015.450012,1751600
10-04-2018,1026.439941,1036.280029,1011.340027,1031.640015,1031.640015,1974500
11-04-2018,1027.98999,1031.364014,1015.869995,1019.969971,1019.969971,1483900
12-04-2018,1025.040039,1040.689941,1021.434998,1032.51001,1032.51001,1357000
13-04-2018,1040.880005,1046.420044,1022.97998,1029.27002,1029.27002,1223000
16-04-2018,1037,1043.23999,1026.73999,1037.97998,1037.97998,1211200
17-04-2018,1051.369995,1077.880005,1048.26001,1074.160034,1074.160034,2320300
18-04-2018,1077.430054,1077.430054,1066.224976,1072.079956,1072.079956,1344100
19-04-2018,1069.400024,1094.165039,1068.180054,1087.699951,1087.699951,1747700
20-04-2018,1082,1092.349976,1069.569946,1072.959961,1072.959961,1889700
23-04-2018,1077.859985,1082.719971,1060.699951,1067.449951,1067.449951,2341300
24-04-2018,1052,1057,1010.590027,1019.97998,1019.97998,4760300
25-04-2018,1025.52002,1032.48999,1015.309998,1021.179993,1021.179993,2391100
26-04-2018,1029.51001,1047.97998,1018.190002,1040.040039,1040.040039,2079500
27-04-2018,1046,1049.5,1025.589966,1030.050049,1030.050049,1619800
30-04-2018,1030.01001,1037,1016.849976,1017.330017,1017.330017,1671300
01-05-2018,1013.659973,1038.469971,1008.210022,1037.310059,1037.310059,1427900
02-05-2018,1028.099976,1040.389038,1022.869995,1024.380005,1024.380005,1603100
03-05-2018,1019,1029.675049,1006.289978,1023.719971,1023.719971,1815100
04-05-2018,1016.900024,1048.51001,1016.900024,1048.209961,1048.209961,1938700
07-05-2018,1049.22998,1061.680054,1047.099976,1054.790039,1054.790039,1466100
08-05-2018,1058.540039,1060.550049,1047.14502,1053.910034,1053.910034,1217700
09-05-2018,1058.099976,1085.439941,1056.36499,1082.76001,1082.76001,2032800
10-05-2018,1086.030029,1100.439941,1085.640015,1097.569946,1097.569946,1443000
11-05-2018,1093.599976,1101.329956,1090.910034,1098.26001,1098.26001,1253700
14-05-2018,1100,1110.75,1099.109985,1100.199951,1100.199951,1518100
15-05-2018,1090,1090.050049,1073.469971,1079.22998,1079.22998,1494900
16-05-2018,1077.310059,1089.27002,1076.26001,1081.77002,1081.77002,1097300
17-05-2018,1079.890015,1086.869995,1073.5,1078.589966,1078.589966,1043800
18-05-2018,1061.859985,1069.939941,1060.680054,1066.359985,1066.359985,1565200
21-05-2018,1074.060059,1088,1073.650024,1079.579956,1079.579956,1023200
22-05-2018,1083.560059,1086.589966,1066.689941,1069.72998,1069.72998,1090000
23-05-2018,1065.130005,1080.780029,1061.709961,1079.689941,1079.689941,1060700
24-05-2018,1079,1080.469971,1066.150024,1079.23999,1079.23999,766800
25-05-2018,1079.02002,1082.560059,1073.775024,1075.660034,1075.660034,899400
29-05-2018,1064.890015,1073.369995,1055.219971,1060.319946,1060.319946,1865100
30-05-2018,1063.030029,1069.209961,1056.829956,1067.800049,1067.800049,1138500
31-05-2018,1067.560059,1097.189941,1067.560059,1084.98999,1084.98999,3088300
01-06-2018,1099.349976,1120,1098.5,1119.5,1119.5,2421600
04-06-2018,1122.329956,1141.890015,1122.005005,1139.290039,1139.290039,1889600
05-06-2018,1140.98999,1145.738037,1133.189941,1139.660034,1139.660034,1678000
06-06-2018,1142.170044,1143,1125.743042,1136.880005,1136.880005,1698200
07-06-2018,1131.319946,1135.819946,1116.52002,1123.859985,1123.859985,1520000
08-06-2018,1118.180054,1126.670044,1112.150024,1120.869995,1120.869995,1290800
11-06-2018,1118.599976,1137.26001,1118.599976,1129.98999,1129.98999,1079300
12-06-2018,1131.069946,1139.790039,1130.734985,1139.319946,1139.319946,912000
13-06-2018,1141.119995,1146.5,1133.380005,1134.790039,1134.790039,1506400
14-06-2018,1143.849976,1155.469971,1140.640015,1152.119995,1152.119995,1343400
15-06-2018,1148.859985,1153.420044,1143.484985,1152.26001,1152.26001,2122500
18-06-2018,1143.650024,1174.310059,1143.589966,1173.459961,1173.459961,1413700
19-06-2018,1158.5,1171.27002,1154.01001,1168.060059,1168.060059,1621000
20-06-2018,1175.310059,1186.286011,1169.160034,1169.839966,1169.839966,1648500
21-06-2018,1174.849976,1177.295044,1152.232056,1157.660034,1157.660034,1238100
22-06-2018,1159.140015,1162.496948,1147.26001,1155.47998,1155.47998,1311000
25-06-2018,1143.599976,1143.910034,1112.780029,1124.810059,1124.810059,2157300
26-06-2018,1128,1133.209961,1116.659058,1118.459961,1118.459961,1563200
27-06-2018,1121.339966,1131.83606,1103.619995,1103.97998,1103.97998,1293900
28-06-2018,1102.089966,1122.310059,1096.01001,1114.219971,1114.219971,1072400
29-06-2018,1120,1128.227051,1115,1115.650024,1115.650024,1315100
02-07-2018,1099,1128,1093.800049,1127.459961,1127.459961,1217300
03-07-2018,1135.819946,1135.819946,1100.02002,1102.890015,1102.890015,679000
05-07-2018,1110.530029,1127.5,1108.47998,1124.27002,1124.27002,1066700
06-07-2018,1123.579956,1140.930054,1120.737061,1140.170044,1140.170044,996100
09-07-2018,1148.47998,1154.670044,1143.420044,1154.050049,1154.050049,909000
10-07-2018,1156.97998,1159.589966,1149.589966,1152.839966,1152.839966,798400
11-07-2018,1144.589966,1164.290039,1141,1153.900024,1153.900024,1120000
12-07-2018,1159.890015,1184.410034,1155.935059,1183.47998,1183.47998,1251900
13-07-2018,1185,1195.416992,1180,1188.819946,1188.819946,1221900
16-07-2018,1189.390015,1191,1179.280029,1183.859985,1183.859985,1055700
17-07-2018,1172.219971,1203.040039,1170.599976,1198.800049,1198.800049,1610400
18-07-2018,1196.560059,1204.5,1190.339966,1195.880005,1195.880005,1393600
19-07-2018,1191,1200,1183.319946,1186.959961,1186.959961,1276700
20-07-2018,1186.959961,1196.859985,1184.219971,1184.910034,1184.910034,1247400
23-07-2018,1181.01001,1206.48999,1181,1205.5,1205.5,2619200
24-07-2018,1262.589966,1266,1235.560059,1248.079956,1248.079956,3318200
25-07-2018,1239.130005,1265.859985,1239.130005,1263.699951,1263.699951,2127800
26-07-2018,1251,1269.770996,1249.02002,1268.329956,1268.329956,2405600
27-07-2018,1271,1273.890015,1231,1238.5,1238.5,2130600
30-07-2018,1228.01001,1234.916016,1211.469971,1219.73999,1219.73999,1849900
31-07-2018,1220.01001,1227.588013,1205.599976,1217.26001,1217.26001,1644700
01-08-2018,1228,1233.469971,1210.209961,1220.01001,1220.01001,1567200
02-08-2018,1205.900024,1229.880005,1204.790039,1226.150024,1226.150024,1531300
03-08-2018,1229.619995,1230,1215.060059,1223.709961,1223.709961,1089600
06-08-2018,1225,1226.088013,1215.796997,1224.77002,1224.77002,1081700
07-08-2018,1237,1251.170044,1236.170044,1242.219971,1242.219971,1494000
08-08-2018,1240.469971,1256.5,1238.008057,1245.609985,1245.609985,1370300
09-08-2018,1249.900024,1255.541992,1246.01001,1249.099976,1249.099976,848600
10-08-2018,1243,1245.694946,1232,1237.609985,1237.609985,1108700
13-08-2018,1236.97998,1249.272949,1233.640991,1235.01001,1235.01001,997300
14-08-2018,1235.189941,1245.869995,1225.109985,1242.099976,1242.099976,1348100
15-08-2018,1229.26001,1235.23999,1209.51001,1214.380005,1214.380005,1828800
16-08-2018,1224.72998,1226,1202.550049,1206.48999,1206.48999,1343200
17-08-2018,1202.030029,1209.02002,1188.23999,1200.959961,1200.959961,1389600
20-08-2018,1205.02002,1211,1194.625977,1207.77002,1207.77002,870800
21-08-2018,1208,1217.26001,1200.354004,1201.619995,1201.619995,1205600
22-08-2018,1200,1211.839966,1199,1207.329956,1207.329956,887400
23-08-2018,1207.140015,1221.280029,1204.23999,1205.380005,1205.380005,992600
24-08-2018,1208.819946,1221.650024,1206.359009,1220.650024,1220.650024,946600
27-08-2018,1227.599976,1243.089966,1225.715942,1241.819946,1241.819946,1156300
28-08-2018,1241.290039,1242.545044,1228.689941,1231.150024,1231.150024,1304000
29-08-2018,1237.449951,1250.660034,1236.359009,1249.300049,1249.300049,1298900
30-08-2018,1244.22998,1253.63501,1232.589966,1239.119995,1239.119995,1331400
31-08-2018,1234.97998,1238.660034,1211.285034,1218.189941,1218.189941,1816400
04-09-2018,1204.27002,1212.98999,1192.5,1197,1197,1831000
05-09-2018,1193.800049,1199.01001,1162,1186.47998,1186.47998,2061300
06-09-2018,1186.300049,1186.300049,1152,1171.439941,1171.439941,1888500
07-09-2018,1158.670044,1175.26001,1157.214966,1164.829956,1164.829956,1401300
10-09-2018,1172.189941,1174.540039,1160.109985,1164.640015,1164.640015,1115400
11-09-2018,1161.630005,1178.680054,1156.23999,1177.359985,1177.359985,1209300
12-09-2018,1172.719971,1178.609985,1158.359985,1162.819946,1162.819946,1295500
13-09-2018,1170.73999,1178.609985,1162.849976,1175.329956,1175.329956,1431200
14-09-2018,1179.099976,1180.425049,1168.329956,1172.530029,1172.530029,944000
17-09-2018,1170.140015,1177.23999,1154.030029,1156.050049,1156.050049,1306500
18-09-2018,1157.089966,1176.079956,1157.089966,1161.219971,1161.219971,1203600
19-09-2018,1164.97998,1173.209961,1154.579956,1171.089966,1171.089966,1191400
20-09-2018,1179.98999,1189.890015,1173.359985,1186.869995,1186.869995,1225400
21-09-2018,1192,1192.209961,1166.040039,1166.089966,1166.089966,4405600
24-09-2018,1157.170044,1178,1146.910034,1173.369995,1173.369995,1271000
25-09-2018,1176.150024,1186.880005,1168,1184.650024,1184.650024,977700
26-09-2018,1185.150024,1194.22998,1174.765015,1180.48999,1180.48999,1462300
27-09-2018,1186.72998,1202.099976,1183.630005,1194.640015,1194.640015,1260800
28-09-2018,1191.869995,1195.410034,1184.5,1193.469971,1193.469971,1380600
01-10-2018,1199.890015,1209.900024,1190.300049,1195.310059,1195.310059,1357600
02-10-2018,1190.959961,1209.959961,1186.630005,1200.109985,1200.109985,1687900
03-10-2018,1205,1206.410034,1193.829956,1202.949951,1202.949951,1256200
04-10-2018,1195.329956,1197.51001,1155.57605,1168.189941,1168.189941,2209500
05-10-2018,1167.5,1173.5,1145.119995,1157.349976,1157.349976,1184300
08-10-2018,1150.109985,1168,1127.364014,1148.969971,1148.969971,1932400
09-10-2018,1146.150024,1154.349976,1137.572021,1138.819946,1138.819946,1308700
10-10-2018,1131.079956,1132.170044,1081.130005,1081.219971,1081.219971,2675700
11-10-2018,1072.939941,1106.400024,1068.27002,1079.319946,1079.319946,2949000
12-10-2018,1108,1115,1086.401978,1110.079956,1110.079956,2101300
15-10-2018,1108.910034,1113.446045,1089,1092.25,1092.25,1372400
16-10-2018,1104.589966,1124.219971,1102.5,1121.280029,1121.280029,1928500
17-10-2018,1126.459961,1128.98999,1102.189941,1115.689941,1115.689941,1467200
18-10-2018,1121.839966,1121.839966,1077.089966,1087.969971,1087.969971,2094500
19-10-2018,1093.369995,1110.359985,1087.75,1096.459961,1096.459961,1267600
22-10-2018,1103.060059,1112.22998,1091,1101.160034,1101.160034,1514200
23-10-2018,1080.890015,1107.890015,1070,1103.689941,1103.689941,1848700
24-10-2018,1104.25,1106.119995,1048.73999,1050.709961,1050.709961,1982400
25-10-2018,1071.790039,1110.97998,1069.550049,1095.569946,1095.569946,2545800
26-10-2018,1037.030029,1106.530029,1034.089966,1071.469971,1071.469971,4187600
29-10-2018,1082.469971,1097.040039,995.830017,1020.080017,1020.080017,3880700
30-10-2018,1008.460022,1037.48999,1000.75,1036.209961,1036.209961,3212700
31-10-2018,1059.810059,1091.939941,1057,1076.77002,1076.77002,2529800
01-11-2018,1075.800049,1083.974976,1062.459961,1070,1070,1482000
02-11-2018,1073.72998,1082.974976,1054.609985,1057.790039,1057.790039,1839000
05-11-2018,1055,1058.469971,1021.23999,1040.089966,1040.089966,2441400
06-11-2018,1039.47998,1064.344971,1038.069946,1055.810059,1055.810059,1233300
07-11-2018,1069,1095.459961,1065.900024,1093.390015,1093.390015,2058400
08-11-2018,1091.380005,1093.27002,1072.204956,1082.400024,1082.400024,1488200
09-11-2018,1073.98999,1075.560059,1053.109985,1066.150024,1066.150024,1343200
12-11-2018,1061.390015,1062.119995,1031,1038.630005,1038.630005,1471800
13-11-2018,1043.290039,1056.60498,1031.150024,1036.050049,1036.050049,1513700
14-11-2018,1050,1054.563965,1031,1043.660034,1043.660034,1565900
15-11-2018,1044.709961,1071.849976,1031.780029,1064.709961,1064.709961,1836100
16-11-2018,1059.410034,1067,1048.97998,1061.48999,1061.48999,1658100
19-11-2018,1057.199951,1060.790039,1016.26001,1020,1020,1858600
20-11-2018,1000,1031.73999,996.02002,1025.76001,1025.76001,2449100
21-11-2018,1036.76001,1048.560059,1033.469971,1037.609985,1037.609985,1534300
23-11-2018,1030,1037.589966,1022.398987,1023.880005,1023.880005,691500
26-11-2018,1038.349976,1049.310059,1033.910034,1048.619995,1048.619995,1942800
27-11-2018,1041,1057.579956,1038.48999,1044.410034,1044.410034,1803200
28-11-2018,1048.76001,1086.839966,1035.76001,1086.22998,1086.22998,2475400
29-11-2018,1076.079956,1094.244995,1076,1088.300049,1088.300049,1468900
30-11-2018,1089.069946,1095.569946,1077.880005,1094.430054,1094.430054,2580200
03-12-2018,1123.140015,1124.650024,1103.665039,1106.430054,1106.430054,1991200
04-12-2018,1103.119995,1104.420044,1049.97998,1050.819946,1050.819946,2345200
06-12-2018,1034.26001,1071.199951,1030.77002,1068.72998,1068.72998,2769200
07-12-2018,1060.01001,1075.26001,1028.5,1036.579956,1036.579956,2101200
10-12-2018,1035.050049,1048.449951,1023.289978,1039.550049,1039.550049,1807700
11-12-2018,1056.48999,1060.599976,1039.839966,1051.75,1051.75,1394700
12-12-2018,1068,1081.650024,1062.790039,1063.680054,1063.680054,1523800
13-12-2018,1068.069946,1079.76001,1053.930054,1061.900024,1061.900024,1329800
14-12-2018,1049.97998,1062.599976,1040.790039,1042.099976,1042.099976,1686600
17-12-2018,1037.51001,1053.150024,1007.900024,1016.530029,1016.530029,2385400
18-12-2018,1026.089966,1049.47998,1021.440002,1028.709961,1028.709961,2192500
19-12-2018,1033.98999,1062,1008.049988,1023.01001,1023.01001,2479300
20-12-2018,1018.130005,1034.219971,996.359985,1009.409973,1009.409973,2673500
21-12-2018,1015.299988,1024.02002,973.690002,979.539978,979.539978,4596000
24-12-2018,973.900024,1003.539978,970.109985,976.219971,976.219971,1590300
26-12-2018,989.01001,1040,983,1039.459961,1039.459961,2373300
27-12-2018,1017.150024,1043.890015,997,1043.880005,1043.880005,2109800
28-12-2018,1049.619995,1055.560059,1033.099976,1037.079956,1037.079956,1414800
31-12-2018,1050.959961,1052.699951,1023.590027,1035.609985,1035.609985,1493300
02-01-2019,1016.570007,1052.319946,1015.710022,1045.849976,1045.849976,1532600
03-01-2019,1041,1056.97998,1014.070007,1016.059998,1016.059998,1841100
04-01-2019,1032.589966,1070.839966,1027.417969,1070.709961,1070.709961,2093900
07-01-2019,1071.5,1074,1054.76001,1068.390015,1068.390015,1981900
08-01-2019,1076.109985,1084.560059,1060.530029,1076.280029,1076.280029,1764900
09-01-2019,1081.650024,1082.630005,1066.400024,1074.660034,1074.660034,1199300
10-01-2019,1067.660034,1071.150024,1057.709961,1070.329956,1070.329956,1456400
11-01-2019,1063.180054,1063.775024,1048.47998,1057.189941,1057.189941,1520800
14-01-2019,1046.920044,1051.530029,1041.255005,1044.689941,1044.689941,1144300
15-01-2019,1050.170044,1080.050049,1047.339966,1077.150024,1077.150024,1463600
16-01-2019,1080,1092.375,1079.339966,1080.969971,1080.969971,1331800
17-01-2019,1079.469971,1091.800049,1073.5,1089.900024,1089.900024,1242700
18-01-2019,1100,1108.352051,1090.900024,1098.26001,1098.26001,1955600
22-01-2019,1088,1091.51001,1063.469971,1070.52002,1070.52002,1613500
23-01-2019,1077.349976,1084.930054,1059.75,1075.569946,1075.569946,967000
24-01-2019,1076.47998,1079.474976,1060.699951,1073.900024,1073.900024,1361300
25-01-2019,1085,1094,1081.819946,1090.98999,1090.98999,1119100
28-01-2019,1080.109985,1083,1063.800049,1070.079956,1070.079956,1284300
29-01-2019,1072.680054,1075.150024,1055.86499,1060.619995,1060.619995,1021800
30-01-2019,1068.430054,1091,1066.849976,1089.060059,1089.060059,1279800
31-01-2019,1103,1117.329956,1095.410034,1116.369995,1116.369995,1538300
01-02-2019,1112.400024,1125,1104.890015,1110.75,1110.75,1462200
04-02-2019,1112.660034,1132.800049,1109.02002,1132.800049,1132.800049,2576500
05-02-2019,1124.839966,1146.849976,1117.248047,1145.98999,1145.98999,3552200
06-02-2019,1139.569946,1147,1112.77002,1115.22998,1115.22998,2105600
07-02-2019,1104.160034,1104.839966,1086,1098.709961,1098.709961,2044800
08-02-2019,1087,1098.910034,1086.550049,1095.060059,1095.060059,1075800
11-02-2019,1096.949951,1105.944946,1092.859985,1095.01001,1095.01001,1065200
12-02-2019,1106.800049,1125.295044,1105.849976,1121.369995,1121.369995,1609100
13-02-2019,1124.98999,1134.72998,1118.5,1120.160034,1120.160034,1049800
14-02-2019,1118.050049,1128.22998,1110.444946,1121.670044,1121.670044,947600
15-02-2019,1130.079956,1131.670044,1110.650024,1113.650024,1113.650024,1449800
19-02-2019,1110,1121.890015,1110,1118.560059,1118.560059,1046400
20-02-2019,1119.98999,1123.410034,1105.280029,1113.800049,1113.800049,1087800
21-02-2019,1110.839966,1111.939941,1092.52002,1096.969971,1096.969971,1415100
22-02-2019,1100.900024,1111.23999,1095.599976,1110.369995,1110.369995,1049500
25-02-2019,1116,1118.540039,1107.27002,1109.400024,1109.400024,1413100
26-02-2019,1105.75,1119.51001,1099.920044,1115.130005,1115.130005,1471300
27-02-2019,1106.949951,1117.97998,1101,1116.050049,1116.050049,968400
28-02-2019,1111.300049,1127.650024,1111.01001,1119.920044,1119.920044,1542500
01-03-2019,1124.900024,1142.969971,1124.75,1140.98999,1140.98999,1450300
04-03-2019,1146.98999,1158.280029,1130.689941,1147.800049,1147.800049,1446000
05-03-2019,1150.060059,1169.609985,1146.194946,1162.030029,1162.030029,1443200
06-03-2019,1162.48999,1167.56604,1155.48999,1157.859985,1157.859985,1099300
07-03-2019,1155.719971,1156.755005,1134.910034,1143.300049,1143.300049,1166600
08-03-2019,1126.72998,1147.079956,1123.300049,1142.319946,1142.319946,1212400
11-03-2019,1144.449951,1176.189941,1144.449951,1175.76001,1175.76001,1719200
12-03-2019,1178.26001,1200,1178.26001,1193.199951,1193.199951,2013100
13-03-2019,1200.64502,1200.930054,1191.939941,1193.319946,1193.319946,1435900
14-03-2019,1194.51001,1197.880005,1184.47998,1185.550049,1185.550049,1172800
15-03-2019,1193.380005,1196.569946,1182.609985,1184.459961,1184.459961,2461800
18-03-2019,1183.300049,1190,1177.421021,1184.26001,1184.26001,1292600
19-03-2019,1188.810059,1200,1185.869995,1198.849976,1198.849976,1520700
20-03-2019,1197.349976,1227.140015,1196.170044,1223.969971,1223.969971,2227400
21-03-2019,1216,1231.790039,1213.150024,1231.540039,1231.540039,1204000
22-03-2019,1226.319946,1230,1202.824951,1205.5,1205.5,1714200
25-03-2019,1196.930054,1206.397949,1187.040039,1193,1193,1496800
26-03-2019,1198.530029,1202.829956,1176.719971,1184.619995,1184.619995,1901200
27-03-2019,1185.5,1187.55896,1159.369995,1173.02002,1173.02002,1400200
28-03-2019,1171.540039,1171.564941,1159.43103,1168.48999,1168.48999,961700
29-03-2019,1174.900024,1178.98999,1162.880005,1173.310059,1173.310059,1269900
01-04-2019,1184.099976,1196.660034,1182,1194.430054,1194.430054,1252500
02-04-2019,1195.319946,1201.349976,1185.709961,1200.48999,1200.48999,827900
03-04-2019,1207.47998,1216.300049,1200.5,1205.920044,1205.920044,1014300
04-04-2019,1205.939941,1215.670044,1204.130005,1215,1215,950000
05-04-2019,1214.98999,1216.219971,1205.030029,1207.150024,1207.150024,907200
08-04-2019,1207.890015,1208.689941,1199.859985,1203.839966,1203.839966,860200
09-04-2019,1196,1202.290039,1193.079956,1197.25,1197.25,876400
10-04-2019,1200.680054,1203.785034,1196.435059,1202.160034,1202.160034,724600
11-04-2019,1203.959961,1207.959961,1200.130005,1204.619995,1204.619995,710200
12-04-2019,1210,1218.349976,1208.109985,1217.869995,1217.869995,933400
15-04-2019,1218,1224.199951,1209.109985,1221.099976,1221.099976,1187400
16-04-2019,1225,1230.819946,1220.119995,1227.130005,1227.130005,856300
17-04-2019,1233,1240.560059,1227.819946,1236.339966,1236.339966,1221900
18-04-2019,1239.180054,1242,1234.609985,1236.369995,1236.369995,1331800
22-04-2019,1235.98999,1249.089966,1228.310059,1248.839966,1248.839966,807300
23-04-2019,1250.689941,1269,1246.380005,1264.550049,1264.550049,1319900
24-04-2019,1264.119995,1268.01001,1255,1256,1256,1018800
25-04-2019,1264.77002,1267.407959,1252.030029,1263.449951,1263.449951,1107300
26-04-2019,1269,1273.069946,1260.319946,1272.180054,1272.180054,1241400
29-04-2019,1274,1289.27002,1266.295044,1287.579956,1287.579956,2499400
30-04-2019,1185,1192.810059,1175,1188.47998,1188.47998,6207000
01-05-2019,1188.050049,1188.050049,1167.180054,1168.079956,1168.079956,2639200
02-05-2019,1167.76001,1174.189941,1155.001953,1162.609985,1162.609985,1944800
03-05-2019,1173.650024,1186.800049,1169,1185.400024,1185.400024,1980700
06-05-2019,1166.26001,1190.849976,1166.26001,1189.390015,1189.390015,1563900
07-05-2019,1180.469971,1190.439941,1161.040039,1174.099976,1174.099976,1551400
08-05-2019,1172.01001,1180.42395,1165.73999,1166.27002,1166.27002,1309300
09-05-2019,1159.030029,1169.660034,1150.849976,1162.380005,1162.380005,1185700
10-05-2019,1163.589966,1172.599976,1142.5,1164.27002,1164.27002,1314500
13-05-2019,1141.959961,1147.939941,1122.109985,1132.030029,1132.030029,1860600
14-05-2019,1137.209961,1140.420044,1119.550049,1120.439941,1120.439941,1836600
15-05-2019,1117.869995,1171.329956,1116.666016,1164.209961,1164.209961,2289300
16-05-2019,1164.51001,1188.160034,1162.839966,1178.97998,1178.97998,1531400
17-05-2019,1168.469971,1180.150024,1160.01001,1162.300049,1162.300049,1208600
20-05-2019,1144.5,1146.796997,1131.442993,1138.849976,1138.849976,1353300
21-05-2019,1148.48999,1152.708008,1137.939941,1149.630005,1149.630005,1159800
22-05-2019,1146.75,1158.52002,1145.890015,1151.420044,1151.420044,914500
23-05-2019,1140.5,1145.973022,1129.223999,1140.77002,1140.77002,1198900
24-05-2019,1147.359985,1149.765015,1131.660034,1133.469971,1133.469971,1112000
28-05-2019,1134,1151.587036,1133.119995,1134.150024,1134.150024,1365000
29-05-2019,1127.52002,1129.099976,1108.219971,1116.459961,1116.459961,1538200
30-05-2019,1115.540039,1123.130005,1112.119995,1117.949951,1117.949951,951900
31-05-2019,1101.290039,1109.599976,1100.180054,1103.630005,1103.630005,1507800
03-06-2019,1065.5,1065.5,1025,1036.22998,1036.22998,5130600
04-06-2019,1042.900024,1056.050049,1033.689941,1053.050049,1053.050049,2833500
05-06-2019,1051.540039,1053.550049,1030.48999,1042.219971,1042.219971,2168400
06-06-2019,1044.98999,1047.48999,1033.699951,1044.339966,1044.339966,1703200
07-06-2019,1050.630005,1070.920044,1048.400024,1066.040039,1066.040039,1802400
10-06-2019,1072.97998,1092.660034,1072.322021,1080.380005,1080.380005,1464200
11-06-2019,1093.97998,1101.98999,1077.603027,1078.719971,1078.719971,1436700
12-06-2019,1078,1080.930054,1067.540039,1077.030029,1077.030029,1061000
13-06-2019,1083.640015,1094.170044,1080.150024,1088.77002,1088.77002,1057700
14-06-2019,1086.420044,1092.689941,1080.171997,1085.349976,1085.349976,1111500
17-06-2019,1086.280029,1099.180054,1086.280029,1092.5,1092.5,941600
18-06-2019,1109.689941,1116.390015,1098.98999,1103.599976,1103.599976,1386700
19-06-2019,1105.599976,1107,1093.47998,1102.329956,1102.329956,1338800
20-06-2019,1119.98999,1120.119995,1104.73999,1111.420044,1111.420044,1262000
21-06-2019,1109.23999,1124.109985,1108.079956,1121.880005,1121.880005,1947600
24-06-2019,1119.609985,1122,1111.01001,1115.52002,1115.52002,1395600
25-06-2019,1112.660034,1114.349976,1083.800049,1086.349976,1086.349976,1546900
26-06-2019,1086.5,1092.969971,1072.23999,1079.800049,1079.800049,1810900
27-06-2019,1084,1087.099976,1075.290039,1076.01001,1076.01001,1004300
28-06-2019,1076.390015,1081,1073.369995,1080.910034,1080.910034,1693200
01-07-2019,1098,1107.579956,1093.703003,1097.949951,1097.949951,1436300
02-07-2019,1102.23999,1111.77002,1098.170044,1111.25,1111.25,991600
03-07-2019,1117.410034,1126.76001,1113.859985,1121.579956,1121.579956,767000
05-07-2019,1117.800049,1132.880005,1116.140015,1131.589966,1131.589966,1264300
08-07-2019,1125.170044,1125.97998,1111.209961,1116.349976,1116.349976,1236400
09-07-2019,1111.800049,1128.025024,1107.170044,1124.829956,1124.829956,1330400
10-07-2019,1131.219971,1142.050049,1130.969971,1140.47998,1140.47998,1209500
11-07-2019,1143.25,1153.069946,1139.579956,1144.209961,1144.209961,1195500
12-07-2019,1143.98999,1147.339966,1138.780029,1144.900024,1144.900024,864000
15-07-2019,1146.859985,1150.819946,1139.400024,1150.339966,1150.339966,903800
16-07-2019,1146,1158.579956,1145,1153.579956,1153.579956,1238800
17-07-2019,1150.969971,1158.359985,1145.77002,1146.349976,1146.349976,1170000
18-07-2019,1141.73999,1147.60498,1132.72998,1146.329956,1146.329956,1290700
19-07-2019,1148.189941,1151.140015,1129.619995,1130.099976,1130.099976,1647200
22-07-2019,1133.449951,1139.25,1124.23999,1138.069946,1138.069946,1301500
23-07-2019,1144,1146.900024,1131.800049,1146.209961,1146.209961,1093700
24-07-2019,1131.900024,1144,1126.98999,1137.810059,1137.810059,1589800
25-07-2019,1137.819946,1141.699951,1120.920044,1132.119995,1132.119995,2209800
26-07-2019,1224.040039,1265.550049,1224,1250.410034,1250.410034,4805800
29-07-2019,1241.050049,1247.369995,1228.22998,1239.410034,1239.410034,2223700
30-07-2019,1225.410034,1234.869995,1223.300049,1225.140015,1225.140015,1453300
31-07-2019,1223,1234,1207.764038,1216.680054,1216.680054,1725500
01-08-2019,1214.030029,1234.109985,1205.719971,1209.01001,1209.01001,1698500
02-08-2019,1200.73999,1206.900024,1188.939941,1193.98999,1193.98999,1645100
05-08-2019,1170.040039,1175.23999,1140.140015,1152.319946,1152.319946,2597500
06-08-2019,1163.310059,1179.959961,1160,1169.949951,1169.949951,1709400
07-08-2019,1156,1178.444946,1149.624023,1173.98999,1173.98999,1444300
08-08-2019,1182.829956,1205.01001,1173.02002,1204.800049,1204.800049,1468000
09-08-2019,1197.98999,1203.880005,1183.603027,1188.01001,1188.01001,1065700
12-08-2019,1179.209961,1184.959961,1167.671997,1174.709961,1174.709961,1003000
13-08-2019,1171.459961,1204.780029,1171.459961,1197.27002,1197.27002,1294400
14-08-2019,1176.310059,1182.300049,1160.540039,1164.290039,1164.290039,1578700
15-08-2019,1163.5,1175.839966,1162.109985,1167.26001,1167.26001,1218700
16-08-2019,1179.550049,1182.719971,1171.810059,1177.599976,1177.599976,1313300
19-08-2019,1190.089966,1206.98999,1190.089966,1198.449951,1198.449951,1231600
20-08-2019,1195.25,1196.060059,1182.109985,1182.689941,1182.689941,915500
21-08-2019,1193.150024,1199,1187.430054,1191.25,1191.25,740700
22-08-2019,1194.069946,1198.011963,1178.579956,1189.530029,1189.530029,947500
23-08-2019,1181.98999,1194.079956,1147.75,1151.290039,1151.290039,1687000
26-08-2019,1157.26001,1169.469971,1152.959961,1168.890015,1168.890015,1226100
27-08-2019,1180.530029,1182.400024,1161.449951,1167.839966,1167.839966,1077200
28-08-2019,1161.709961,1176.420044,1157.300049,1171.02002,1171.02002,802000
29-08-2019,1181.119995,1196.060059,1181.119995,1192.849976,1192.849976,1088400
30-08-2019,1198.5,1198.5,1183.802979,1188.099976,1188.099976,1129800
03-09-2019,1177.030029,1186.890015,1163.199951,1168.390015,1168.390015,1479900
04-09-2019,1176.709961,1183.47998,1171,1181.410034,1181.410034,1068900
05-09-2019,1191.530029,1213.040039,1191.530029,1211.380005,1211.380005,1408100
06-09-2019,1208.130005,1212.015015,1202.521973,1204.930054,1204.930054,1072100
09-09-2019,1204,1220,1192.619995,1204.410034,1204.410034,1471900
10-09-2019,1195.150024,1210,1194.579956,1206,1206,1260100
11-09-2019,1203.410034,1222.599976,1202.199951,1220.170044,1220.170044,1307000
12-09-2019,1224.300049,1241.859985,1223.02002,1234.25,1234.25,1725900
13-09-2019,1231.349976,1240.880005,1227.01001,1239.560059,1239.560059,1301400
16-09-2019,1229.52002,1239.560059,1225.609985,1231.300049,1231.300049,1053300
17-09-2019,1230.400024,1235,1223.689941,1229.150024,1229.150024,955100
18-09-2019,1227.51001,1235.609985,1216.530029,1232.410034,1232.410034,1135100
19-09-2019,1232.060059,1244.439941,1232.02002,1238.709961,1238.709961,996000
20-09-2019,1233.119995,1243.319946,1223.079956,1229.930054,1229.930054,2270000
23-09-2019,1226,1239.089966,1224.170044,1234.030029,1234.030029,1062400
24-09-2019,1240,1246.73999,1210.680054,1218.76001,1218.76001,1583200
25-09-2019,1215.819946,1248.300049,1210.089966,1246.52002,1246.52002,1453000
26-09-2019,1241.959961,1245,1232.267944,1241.390015,1241.390015,1538000
27-09-2019,1243.01001,1244.02002,1214.449951,1225.089966,1225.089966,1353900
30-09-2019,1220.969971,1226,1212.300049,1219,1219,1404100
01-10-2019,1219,1231.22998,1203.579956,1205.099976,1205.099976,1273500
02-10-2019,1196.97998,1196.97998,1171.290039,1176.630005,1176.630005,1615100
03-10-2019,1180,1189.060059,1162.430054,1187.829956,1187.829956,1621200
04-10-2019,1191.890015,1211.439941,1189.170044,1209,1209,1162400
07-10-2019,1204.400024,1218.203979,1203.75,1207.680054,1207.680054,842900
08-10-2019,1197.589966,1206.079956,1189.01001,1189.130005,1189.130005,1039300
09-10-2019,1199.349976,1208.349976,1197.630005,1202.310059,1202.310059,867700
10-10-2019,1198.579956,1215,1197.339966,1208.670044,1208.670044,846600
11-10-2019,1222.209961,1228.390015,1213.73999,1215.449951,1215.449951,1272700
14-10-2019,1212.339966,1226.329956,1211.76001,1217.140015,1217.140015,867500
15-10-2019,1220.400024,1247.329956,1220.400024,1243.01001,1243.01001,1381700
16-10-2019,1241.170044,1254.73999,1238.449951,1243.640015,1243.640015,1094600
17-10-2019,1250.930054,1263.324951,1249.939941,1253.069946,1253.069946,952400
18-10-2019,1253.459961,1258.890015,1241.079956,1245.48999,1245.48999,1352800
21-10-2019,1252.26001,1254.629028,1240.599976,1246.150024,1246.150024,1027200
22-10-2019,1247.849976,1250.599976,1241.380005,1242.800049,1242.800049,1023800
23-10-2019,1242.359985,1259.890015,1242.359985,1259.130005,1259.130005,911500
24-10-2019,1260.900024,1264,1253.714966,1260.98999,1260.98999,1028100
25-10-2019,1251.030029,1269.599976,1250.01001,1265.130005,1265.130005,1213100
28-10-2019,1275.449951,1299.310059,1272.540039,1290,1290,2613200
29-10-2019,1276.22998,1281.589966,1257.212036,1262.619995,1262.619995,1886400
30-10-2019,1252.969971,1269.359985,1252,1261.290039,1261.290039,1408900
31-10-2019,1261.280029,1267.670044,1250.843018,1260.109985,1260.109985,1455700
01-11-2019,1265,1274.619995,1260.5,1273.73999,1273.73999,1670100
04-11-2019,1276.449951,1294.130005,1276.35498,1291.369995,1291.369995,1501000
05-11-2019,1292.890015,1298.930054,1291.229004,1292.030029,1292.030029,1282700
06-11-2019,1289.459961,1293.72998,1282.5,1291.800049,1291.800049,1153000
07-11-2019,1294.280029,1323.73999,1294.244995,1308.859985,1308.859985,2030000
08-11-2019,1305.280029,1318,1304.36499,1311.369995,1311.369995,1251400
11-11-2019,1303.180054,1306.425049,1297.410034,1299.189941,1299.189941,1011900
12-11-2019,1300,1310,1295.77002,1298.800049,1298.800049,1085900
13-11-2019,1294.069946,1304.300049,1293.51001,1298,1298,826700
14-11-2019,1297.5,1317,1295.650024,1311.459961,1311.459961,1193500
15-11-2019,1318.939941,1334.880005,1314.280029,1334.869995,1334.869995,1782600
18-11-2019,1332.219971,1335.529053,1317.5,1320.699951,1320.699951,1487400
19-11-2019,1327.699951,1327.699951,1312.800049,1315.459961,1315.459961,1269200
20-11-2019,1311.73999,1315,1291.150024,1303.050049,1303.050049,1308600
21-11-2019,1301.47998,1312.589966,1293,1301.349976,1301.349976,995500
22-11-2019,1305.619995,1308.72998,1291.410034,1295.339966,1295.339966,1385700
25-11-2019,1299.180054,1311.310059,1298.130005,1306.689941,1306.689941,1036200
26-11-2019,1309.859985,1314.800049,1305.089966,1313.550049,1313.550049,1069700
27-11-2019,1315,1318.359985,1309.630005,1312.98999,1312.98999,995600
29-11-2019,1307.119995,1310.204956,1303.969971,1304.959961,1304.959961,587000
02-12-2019,1301,1305.829956,1281,1289.920044,1289.920044,1510900
03-12-2019,1279.569946,1298.46106,1279,1295.280029,1295.280029,1143800
04-12-2019,1307.01001,1325.800049,1304.869995,1320.540039,1320.540039,1537500
05-12-2019,1328,1329.358032,1316.439941,1328.130005,1328.130005,1212700
06-12-2019,1333.439941,1344,1333.439941,1340.619995,1340.619995,1314800
09-12-2019,1338.040039,1359.449951,1337.839966,1343.560059,1343.560059,1354300
10-12-2019,1341.5,1349.974976,1336.040039,1344.660034,1344.660034,1094100
11-12-2019,1350.839966,1351.199951,1342.670044,1345.02002,1345.02002,850400
12-12-2019,1345.939941,1355.775024,1340.5,1350.27002,1350.27002,1281000
13-12-2019,1347.949951,1353.093018,1343.869995,1347.829956,1347.829956,1549600
16-12-2019,1356.5,1364.680054,1352.670044,1361.170044,1361.170044,1397300
17-12-2019,1362.890015,1365,1351.322998,1355.119995,1355.119995,1854000
18-12-2019,1356.599976,1360.469971,1351,1352.619995,1352.619995,1522600
19-12-2019,1351.819946,1358.099976,1348.984985,1356.040039,1356.040039,1469900
20-12-2019,1363.349976,1363.640015,1349,1349.589966,1349.589966,3315000
23-12-2019,1355.869995,1359.800049,1346.51001,1348.839966,1348.839966,883100
24-12-2019,1348.5,1350.26001,1342.780029,1343.560059,1343.560059,347500
26-12-2019,1346.170044,1361.327026,1344.469971,1360.400024,1360.400024,667500
27-12-2019,1362.98999,1364.530029,1349.310059,1351.890015,1351.890015,1038400
30-12-2019,1350,1353,1334.02002,1336.140015,1336.140015,1050900
31-12-2019,1330.109985,1338,1329.084961,1337.02002,1337.02002,961800
02-01-2020,1341.550049,1368.140015,1341.550049,1367.369995,1367.369995,1406600
03-01-2020,1347.859985,1372.5,1345.543945,1360.660034,1360.660034,1186400
06-01-2020,1350,1396.5,1350,1394.209961,1394.209961,1732300
07-01-2020,1397.939941,1402.98999,1390.380005,1393.339966,1393.339966,1502700
08-01-2020,1392.079956,1411.579956,1390.839966,1404.319946,1404.319946,1528000
09-01-2020,1420.569946,1427.329956,1410.27002,1419.829956,1419.829956,1500900
10-01-2020,1427.560059,1434.928955,1418.349976,1429.72998,1429.72998,1820700
13-01-2020,1436.130005,1440.52002,1426.02002,1439.22998,1439.22998,1652300
14-01-2020,1439.01001,1441.800049,1428.369995,1430.880005,1430.880005,1558900
15-01-2020,1430.209961,1441.39502,1430.209961,1439.199951,1439.199951,1282700
16-01-2020,1447.439941,1451.98999,1440.920044,1451.699951,1451.699951,1173700
17-01-2020,1462.910034,1481.295044,1458.219971,1480.390015,1480.390015,2396200
21-01-2020,1479.119995,1491.849976,1471.199951,1484.400024,1484.400024,2036700
22-01-2020,1491,1503.213989,1484.930054,1485.949951,1485.949951,1610800
23-01-2020,1487.640015,1495.52002,1482.099976,1486.650024,1486.650024,1351200
24-01-2020,1493.589966,1495.494995,1465.25,1466.709961,1466.709961,1784600
27-01-2020,1431,1438.069946,1421.199951,1433.900024,1433.900024,1755200
28-01-2020,1443,1456,1432.469971,1452.560059,1452.560059,1577400
29-01-2020,1458.800049,1465.430054,1446.73999,1458.630005,1458.630005,1077700
30-01-2020,1439.959961,1457.280029,1436.400024,1455.839966,1455.839966,1339400
31-01-2020,1468.900024,1470.130005,1428.530029,1434.22998,1434.22998,2417200
03-02-2020,1462,1490,1458.98999,1485.939941,1485.939941,3036800
04-02-2020,1457.069946,1469.5,1426.300049,1447.069946,1447.069946,3933000
05-02-2020,1462.420044,1463.839966,1430.560059,1448.22998,1448.22998,1986200
06-02-2020,1450.329956,1482,1449.569946,1476.22998,1476.22998,1679400
07-02-2020,1467.300049,1485.839966,1466.349976,1479.22998,1479.22998,1172300
10-02-2020,1474.319946,1509.5,1474.319946,1508.680054,1508.680054,1419900
11-02-2020,1511.810059,1529.630005,1505.637939,1508.790039,1508.790039,1344600
12-02-2020,1514.47998,1520.694946,1508.109985,1518.27002,1518.27002,1167600
13-02-2020,1512.689941,1527.180054,1504.599976,1514.660034,1514.660034,929500
14-02-2020,1515.599976,1520.73999,1507.339966,1520.73999,1520.73999,1197800
18-02-2020,1515,1531.630005,1512.589966,1519.670044,1519.670044,1120700
19-02-2020,1525.069946,1532.105957,1521.400024,1526.689941,1526.689941,949300
20-02-2020,1522,1529.640015,1506.819946,1518.150024,1518.150024,1096600
21-02-2020,1508.030029,1512.214966,1480.439941,1485.109985,1485.109985,1731700
24-02-2020,1426.109985,1436.969971,1411.390015,1421.589966,1421.589966,2867100
25-02-2020,1433,1438.140015,1382.400024,1388.449951,1388.449951,2478300
26-02-2020,1396.140015,1415.699951,1379,1393.180054,1393.180054,2202400
27-02-2020,1362.060059,1371.703979,1317.170044,1318.089966,1318.089966,2978300
28-02-2020,1277.5,1341.140015,1271,1339.329956,1339.329956,3789100
02-03-2020,1351.609985,1390.869995,1326.814941,1389.109985,1389.109985,2431500
03-03-2020,1399.420044,1410.150024,1332,1341.390015,1341.390015,2402300
04-03-2020,1359.22998,1388.089966,1343.109985,1386.52002,1386.52002,1913300
05-03-2020,1350.199951,1358.910034,1305.099976,1319.040039,1319.040039,2561300
06-03-2020,1277.060059,1306.219971,1261.050049,1298.410034,1298.410034,2660600
09-03-2020,1205.300049,1254.76001,1200,1215.560059,1215.560059,3365400
10-03-2020,1260,1281.150024,1218.77002,1280.390015,1280.390015,2611400
11-03-2020,1249.699951,1260.959961,1196.069946,1215.410034,1215.410034,2608500
12-03-2020,1126,1193.869995,1113.300049,1114.910034,1114.910034,4226700
13-03-2020,1179,1219.76001,1117.142944,1219.72998,1219.72998,3700100
16-03-2020,1096,1152.266968,1074.439941,1084.329956,1084.329956,4252400
17-03-2020,1093.109985,1130.859985,1056.01001,1119.800049,1119.800049,3861500
18-03-2020,1056.51001,1106.5,1037.280029,1096.800049,1096.800049,4233400
19-03-2020,1093.050049,1157.969971,1060.108032,1115.290039,1115.290039,3651100
20-03-2020,1135.719971,1143.98999,1065.48999,1072.319946,1072.319946,3601800
23-03-2020,1061.319946,1071.319946,1013.536011,1056.619995,1056.619995,4044100
24-03-2020,1103.77002,1135,1090.619995,1134.459961,1134.459961,3344500
25-03-2020,1126.469971,1148.900024,1086.01001,1102.48999,1102.48999,4081500
26-03-2020,1111.800049,1169.969971,1093.530029,1161.75,1161.75,3571700
27-03-2020,1125.670044,1150.670044,1105.910034,1110.709961,1110.709961,3208500
30-03-2020,1125.040039,1151.630005,1096.47998,1146.819946,1146.819946,2574100
31-03-2020,1147.300049,1175.310059,1138.140015,1162.810059,1162.810059,2486400
01-04-2020,1122,1129.689941,1097.449951,1105.619995,1105.619995,2344200
02-04-2020,1098.26001,1126.859985,1096.400024,1120.839966,1120.839966,1964900
03-04-2020,1119.015015,1123.540039,1079.810059,1097.880005,1097.880005,2313400
06-04-2020,1138,1194.660034,1130.939941,1186.920044,1186.920044,2664700
07-04-2020,1221,1225,1182.22998,1186.51001,1186.51001,2387300
08-04-2020,1206.5,1219.069946,1188.160034,1210.280029,1210.280029,1975100
09-04-2020,1224.079956,1225.569946,1196.734985,1211.449951,1211.449951,2175400
13-04-2020,1209.180054,1220.51001,1187.598022,1217.560059,1217.560059,1739800
14-04-2020,1245.089966,1282.069946,1236.930054,1269.22998,1269.22998,2470400
15-04-2020,1245.609985,1280.459961,1240.400024,1262.469971,1262.469971,1671700
16-04-2020,1274.099976,1279,1242.619995,1263.469971,1263.469971,2518100
17-04-2020,1284.849976,1294.430054,1271.22998,1283.25,1283.25,1949000
20-04-2020,1271,1281.599976,1261.369995,1266.609985,1266.609985,1695500
21-04-2020,1247,1254.27002,1209.709961,1216.339966,1216.339966,2153000
22-04-2020,1245.540039,1285.613037,1242,1263.209961,1263.209961,2092400
23-04-2020,1271.550049,1293.310059,1265.670044,1276.310059,1276.310059,1566200
24-04-2020,1261.170044,1280.400024,1249.449951,1279.310059,1279.310059,1639600
27-04-2020,1296,1296.150024,1269,1275.880005,1275.880005,1600600
28-04-2020,1287.930054,1288.050049,1232.199951,1233.670044,1233.670044,2951300
29-04-2020,1341.459961,1359.98999,1325.339966,1341.47998,1341.47998,3793600
30-04-2020,1324.880005,1352.819946,1322.48999,1348.660034,1348.660034,2668900
01-05-2020,1328.5,1352.069946,1311,1320.609985,1320.609985,2072500
04-05-2020,1308.22998,1327.660034,1299,1326.800049,1326.800049,1504000
05-05-2020,1337.920044,1373.939941,1337.459961,1351.109985,1351.109985,1651500
06-05-2020,1361.689941,1371.119995,1347.290039,1347.300049,1347.300049,1215400
07-05-2020,1365.939941,1377.599976,1355.27002,1372.560059,1372.560059,1397600
08-05-2020,1383.130005,1398.76001,1375.47998,1388.369995,1388.369995,1386900
11-05-2020,1378.280029,1416.530029,1377.151978,1403.26001,1403.26001,1412100
12-05-2020,1407.119995,1415,1374.77002,1375.73999,1375.73999,1390600
13-05-2020,1377.050049,1385.482056,1328.400024,1349.329956,1349.329956,1812600
14-05-2020,1335.02002,1357.420044,1323.910034,1356.130005,1356.130005,1603100
15-05-2020,1350,1374.47998,1339,1373.189941,1373.189941,1707700
18-05-2020,1361.75,1392.324951,1354.25,1383.939941,1383.939941,1822400
19-05-2020,1386.996948,1392,1373.484985,1373.484985,1373.484985,1280600
20-05-2020,1389.579956,1410.420044,1387.25,1406.719971,1406.719971,1655400
21-05-2020,1408,1415.48999,1393.449951,1402.800049,1402.800049,1385000
22-05-2020,1396.709961,1412.76001,1391.829956,1410.420044,1410.420044,1309400
26-05-2020,1437.27002,1441,1412.130005,1417.02002,1417.02002,2060600
27-05-2020,1417.25,1421.73999,1391.290039,1417.839966,1417.839966,1685800
28-05-2020,1396.859985,1440.839966,1396,1416.72998,1416.72998,1692200
29-05-2020,1416.939941,1432.569946,1413.349976,1428.920044,1428.920044,1820900
01-06-2020,1418.390015,1437.959961,1418,1431.819946,1431.819946,1217100
02-06-2020,1430.550049,1439.609985,1418.829956,1439.219971,1439.219971,1278100
03-06-2020,1438.300049,1446.552002,1429.776978,1436.380005,1436.380005,1256200
04-06-2020,1430.400024,1438.959961,1404.72998,1412.180054,1412.180054,1484300
05-06-2020,1413.170044,1445.050049,1406,1438.390015,1438.390015,1734900
08-06-2020,1422.339966,1447.98999,1422.339966,1446.609985,1446.609985,1404200
09-06-2020,1445.359985,1468,1443.209961,1456.160034,1456.160034,1409200
10-06-2020,1459.540039,1474.259033,1456.27002,1465.849976,1465.849976,1525200
11-06-2020,1442.47998,1454.474976,1402,1403.839966,1403.839966,1991300
12-06-2020,1428.48999,1437,1386.02002,1413.180054,1413.180054,1946400
15-06-2020,1390.800049,1424.800049,1387.920044,1419.849976,1419.849976,1503900
16-06-2020,1445.219971,1455.02002,1425.900024,1442.719971,1442.719971,1709200
17-06-2020,1447.160034,1460,1431.380005,1451.119995,1451.119995,1549600
18-06-2020,1449.160034,1451.410034,1427.01001,1435.959961,1435.959961,1581900
19-06-2020,1444,1447.800049,1421.349976,1431.719971,1431.719971,3157900
22-06-2020,1429,1452.75,1423.209961,1451.859985,1451.859985,1542400
23-06-2020,1455.640015,1475.94104,1445.23999,1464.410034,1464.410034,1429800
24-06-2020,1461.51001,1475.420044,1429.75,1431.969971,1431.969971,1756000
25-06-2020,1429.900024,1442.900024,1420,1441.329956,1441.329956,1230500
26-06-2020,1431.390015,1433.449951,1351.98999,1359.900024,1359.900024,4267700
29-06-2020,1358.180054,1395.599976,1347.01001,1394.969971,1394.969971,1810200
30-06-2020,1390.439941,1418.650024,1383.959961,1413.609985,1413.609985,2042400
01-07-2020,1411.099976,1443,1409.819946,1438.040039,1438.040039,1775200
02-07-2020,1446.939941,1482.949951,1446.420044,1464.699951,1464.699951,1859100
06-07-2020,1480.060059,1506.589966,1472.859985,1495.699951,1495.699951,1564000
07-07-2020,1490,1516.800049,1483.550049,1485.180054,1485.180054,1458200
08-07-2020,1494.319946,1505.880005,1485.630005,1496,1496,1249700
09-07-2020,1506.449951,1522.719971,1488.084961,1510.98999,1510.98999,1423300
10-07-2020,1506.150024,1543.829956,1496.540039,1541.73999,1541.73999,1856300
13-07-2020,1550,1577.131958,1505.243042,1511.339966,1511.339966,1846400
14-07-2020,1490.310059,1522.949951,1483.5,1520.579956,1520.579956,1585000
15-07-2020,1523.130005,1535.329956,1498,1513.640015,1513.640015,1610700
16-07-2020,1500,1518.689941,1486.310059,1518,1518,1519300
17-07-2020,1521.619995,1523.439941,1498.420044,1515.550049,1515.550049,1456700
20-07-2020,1515.26001,1570.290039,1503.599976,1565.719971,1565.719971,1557300
21-07-2020,1586.98999,1586.98999,1554.280029,1558.420044,1558.420044,1216200
22-07-2020,1560.5,1570,1546.099976,1568.48999,1568.48999,932000
23-07-2020,1566.969971,1571.869995,1507.391968,1515.680054,1515.680054,1627600
24-07-2020,1498.930054,1517.635986,1488.400024,1511.869995,1511.869995,1544000
27-07-2020,1515.599976,1540.969971,1515.209961,1530.199951,1530.199951,1246000
28-07-2020,1525.180054,1526.47998,1497.660034,1500.339966,1500.339966,1702200
29-07-2020,1506.319946,1531.251953,1501.329956,1522.02002,1522.02002,1106500
30-07-2020,1497,1537.869995,1492.219971,1531.449951,1531.449951,1671400
31-07-2020,1505.01001,1508.949951,1454.030029,1482.959961,1482.959961,3439900
03-08-2020,1486.640015,1490.469971,1465.640015,1474.449951,1474.449951,2330200
04-08-2020,1476.569946,1485.560059,1458.650024,1464.969971,1464.969971,1903500
05-08-2020,1469.300049,1482.410034,1463.459961,1473.609985,1473.609985,1979500
06-08-2020,1471.75,1502.390015,1466,1500.099976,1500.099976,1995400
07-08-2020,1500,1516.844971,1481.640015,1494.48999,1494.48999,1577800
10-08-2020,1487.180054,1504.074951,1473.079956,1496.099976,1496.099976,1289300
11-08-2020,1492.439941,1510,1478,1480.319946,1480.319946,1454400
12-08-2020,1485.579956,1512.385986,1485.25,1506.619995,1506.619995,1437000
13-08-2020,1510.339966,1537.25,1508.005005,1518.449951,1518.449951,1455200
14-08-2020,1515.660034,1521.900024,1502.880005,1507.72998,1507.72998,1354800
17-08-2020,1514.670044,1525.609985,1507.969971,1517.97998,1517.97998,1378300
18-08-2020,1526.180054,1562.469971,1523.709961,1558.599976,1558.599976,2027100
19-08-2020,1553.310059,1573.680054,1543.949951,1547.530029,1547.530029,1660600
20-08-2020,1543.449951,1585.869995,1538.199951,1581.75,1581.75,1706900
21-08-2020,1577.030029,1597.719971,1568.005005,1580.420044,1580.420044,1446500
24-08-2020,1593.97998,1614.170044,1580.569946,1588.199951,1588.199951,1409900
25-08-2020,1582.069946,1611.619995,1582.069946,1608.219971,1608.219971,2247100
26-08-2020,1608,1659.219971,1603.599976,1652.380005,1652.380005,3993400
27-08-2020,1653.680054,1655,1625.75,1634.329956,1634.329956,1861600
28-08-2020,1633.48999,1647.170044,1630.75,1644.410034,1644.410034,1499000
31-08-2020,1647.890015,1647.964966,1630.310059,1634.180054,1634.180054,1823400
01-09-2020,1636.630005,1665.72998,1632.219971,1660.709961,1660.709961,1825300
02-09-2020,1673.775024,1733.180054,1666.329956,1728.280029,1728.280029,2511200
03-09-2020,1709.713989,1709.713989,1615.060059,1641.839966,1641.839966,3107800
04-09-2020,1624.26001,1645.109985,1547.613037,1591.040039,1591.040039,2608600
08-09-2020,1533.51001,1563.86499,1528.01001,1532.390015,1532.390015,2610900
09-09-2020,1557.530029,1569,1536.051025,1556.959961,1556.959961,1774700
10-09-2020,1560.640015,1584.081055,1525.805054,1532.02002,1532.02002,1618600
11-09-2020,1536,1575.199951,1497.359985,1520.719971,1520.719971,1597100
14-09-2020,1539.005005,1564,1515.73999,1519.280029,1519.280029,1696600
15-09-2020,1536,1559.569946,1531.834961,1541.439941,1541.439941,1331100
16-09-2020,1555.540039,1562,1519.819946,1520.900024,1520.900024,1311700
17-09-2020,1496,1508.297974,1470,1495.530029,1495.530029,1879800
18-09-2020,1498.01001,1503.003052,1437.130005,1459.98999,1459.98999,3103900
21-09-2020,1440.060059,1448.359985,1406.550049,1431.160034,1431.160034,2888800
22-09-2020,1450.089966,1469.52002,1434.530029,1465.459961,1465.459961,1583200
23-09-2020,1458.780029,1460.959961,1407.699951,1415.209961,1415.209961,1657400
24-09-2020,1411.030029,1443.708984,1409.849976,1428.290039,1428.290039,1450200
25-09-2020,1432.630005,1450,1413.339966,1444.959961,1444.959961,1323000
28-09-2020,1474.209961,1476.800049,1449.301025,1464.52002,1464.52002,2007900
29-09-2020,1470.390015,1476.662964,1458.805054,1469.329956,1469.329956,978200
30-09-2020,1466.800049,1489.75,1459.880005,1469.599976,1469.599976,1701600
01-10-2020,1484.27002,1499.040039,1479.209961,1490.089966,1490.089966,1779500
02-10-2020,1462.030029,1483.199951,1450.920044,1458.420044,1458.420044,1284100
05-10-2020,1466.209961,1488.209961,1464.27002,1486.02002,1486.02002,1113300
06-10-2020,1475.579956,1486.76001,1448.589966,1453.439941,1453.439941,1245400
07-10-2020,1464.290039,1468.959961,1436,1460.290039,1460.290039,1746200
08-10-2020,1465.089966,1490,1465.089966,1485.930054,1485.930054,1187800
09-10-2020,1494.699951,1516.52002,1489.449951,1515.219971,1515.219971,1435300
12-10-2020,1543,1593.859985,1532.569946,1569.150024,1569.150024,2482600
13-10-2020,1583.72998,1590,1563.199951,1571.680054,1571.680054,1601000
14-10-2020,1578.589966,1587.68396,1550.530029,1568.079956,1568.079956,1929300
15-10-2020,1547.150024,1575.10498,1545.030029,1559.130005,1559.130005,1540000
16-10-2020,1565.849976,1581.130005,1563,1573.01001,1573.01001,1434700
19-10-2020,1580.459961,1588.150024,1528,1534.609985,1534.609985,1607100
20-10-2020,1527.050049,1577.5,1525.670044,1555.930054,1555.930054,2241700
21-10-2020,1573.329956,1618.72998,1571.630005,1593.310059,1593.310059,2568300
22-10-2020,1593.050049,1621.98999,1585,1615.329956,1615.329956,1433600
23-10-2020,1626.069946,1642.359985,1620.51001,1641,1641,1375800
26-10-2020,1625.01001,1638.23999,1576.5,1590.449951,1590.449951,1853300
27-10-2020,1595.670044,1606.844971,1582.780029,1604.26001,1604.26001,1229000
28-10-2020,1559.73999,1561.349976,1514.619995,1516.619995,1516.619995,1834000
29-10-2020,1522.359985,1593.709961,1522.23999,1567.23999,1567.23999,2003100
30-10-2020,1672.109985,1687,1604.459961,1621.01001,1621.01001,4329100
02-11-2020,1628.160034,1660.77002,1616.030029,1626.030029,1626.030029,2535400
03-11-2020,1631.780029,1661.699951,1616.619995,1650.209961,1650.209961,1661700
04-11-2020,1710.280029,1771.36499,1706.030029,1749.130005,1749.130005,3570900
05-11-2020,1781,1793.640015,1750.51001,1763.369995,1763.369995,2065800
06-11-2020,1753.949951,1772.430054,1740.349976,1761.75,1761.75,1660900
09-11-2020,1790.900024,1818.060059,1760.02002,1763,1763,2268300
10-11-2020,1731.089966,1763,1717.300049,1740.390015,1740.390015,2636100
11-11-2020,1750,1764.219971,1747.36499,1752.709961,1752.709961,1264000
12-11-2020,1747.630005,1768.27002,1745.599976,1749.839966,1749.839966,1247500
13-11-2020,1757.630005,1781.040039,1744.550049,1777.02002,1777.02002,1499900
16-11-2020,1771.699951,1799.069946,1767.689941,1781.380005,1781.380005,1246800
17-11-2020,1776.939941,1785,1767,1770.150024,1770.150024,1147100
18-11-2020,1765.22998,1773.469971,1746.140015,1746.780029,1746.780029,1173500
19-11-2020,1738.380005,1769.589966,1737.005005,1763.920044,1763.920044,1249900
20-11-2020,1765.209961,1774,1741.859985,1742.189941,1742.189941,2313500
23-11-2020,1749.599976,1753.900024,1717.719971,1734.859985,1734.859985,2161600
24-11-2020,1730.5,1771.599976,1727.689941,1768.880005,1768.880005,1578000
25-11-2020,1772.890015,1778.540039,1756.540039,1771.430054,1771.430054,1045800
27-11-2020,1773.089966,1804,1772.439941,1793.189941,1793.189941,884900
30-11-2020,1781.18396,1788.064941,1755,1760.73999,1760.73999,1823800
01-12-2020,1774.369995,1824.829956,1769.369995,1798.099976,1798.099976,1736900
02-12-2020,1798.099976,1835.650024,1789.473022,1827.949951,1827.949951,1222000
03-12-2020,1824.01001,1847.199951,1822.650024,1826.77002,1826.77002,1227300
04-12-2020,1824.52002,1833.160034,1816.98999,1827.98999,1827.98999,1378200
07-12-2020,1819,1832.369995,1805.780029,1819.47998,1819.47998,1320900
08-12-2020,1810.099976,1821.900024,1796.204956,1818.550049,1818.550049,1096300
09-12-2020,1812.01001,1834.27002,1767.810059,1784.130005,1784.130005,1507600
10-12-2020,1769.800049,1781.310059,1740.319946,1775.329956,1775.329956,1362800
11-12-2020,1763.060059,1784.449951,1760,1781.77002,1781.77002,1220700
14-12-2020,1775,1797.390015,1757.214966,1760.060059,1760.060059,1600200
15-12-2020,1764.420044,1771.420044,1749.949951,1767.77002,1767.77002,1482300
16-12-2020,1772.880005,1773,1756.079956,1763,1763,1513500
17-12-2020,1768.51001,1771.784058,1738.660034,1747.900024,1747.900024,1624700
18-12-2020,1754.180054,1755.109985,1720.219971,1731.01001,1731.01001,4016400
21-12-2020,1713.51001,1740.849976,1699,1739.369995,1739.369995,1828400
22-12-2020,1734.430054,1737.405029,1712.574951,1723.5,1723.5,936700
23-12-2020,1728.109985,1747.98999,1725.040039,1732.380005,1732.380005,1033800
24-12-2020,1735,1746,1729.109985,1738.849976,1738.849976,346800
28-12-2020,1751.63501,1790.728027,1746.334961,1776.089966,1776.089966,1393000
29-12-2020,1787.790039,1792.439941,1756.089966,1758.719971,1758.719971,1299400
30-12-2020,1762.01001,1765.094971,1725.599976,1739.52002,1739.52002,1306100
31-12-2020,1735.420044,1758.930054,1735.420044,1751.880005,1751.880005,1011900
04-01-2021,1757.540039,1760.650024,1707.849976,1728.23999,1728.23999,1901900
05-01-2021,1725,1747.670044,1718.015015,1740.920044,1740.920044,1145300
06-01-2021,1702.630005,1748,1699,1735.290039,1735.290039,2602100
07-01-2021,1740.060059,1788.400024,1737.050049,1787.25,1787.25,2265000
08-01-2021,1787.97998,1809.839966,1773.535034,1807.209961,1807.209961,2050600
11-01-2021,1786.069946,1794.314941,1760.52002,1766.719971,1766.719971,1209700
12-01-2021,1753.920044,1778.040039,1725.310059,1746.550049,1746.550049,1357000
13-01-2021,1738.579956,1765.035034,1738.01001,1754.400024,1754.400024,1094100
14-01-2021,1753.619995,1775.01001,1733.400024,1740.180054,1740.180054,1179500
15-01-2021,1738.189941,1756,1721.550049,1736.189941,1736.189941,1342200
19-01-2021,1752.25,1809.275024,1741.459961,1790.859985,1790.859985,1734600
20-01-2021,1831.459961,1903.709961,1825.530029,1886.900024,1886.900024,2490300
21-01-2021,1898,1934.859985,1887.109985,1891.25,1891.25,2063900
22-01-2021,1895.680054,1910.949951,1881.76001,1901.050049,1901.050049,1272100
25-01-2021,1920.670044,1929.579956,1867.530029,1899.400024,1899.400024,1927300
26-01-2021,1888.839966,1925,1884.244995,1917.23999,1917.23999,1313100
27-01-2021,1882.530029,1890,1809,1830.790039,1830.790039,2748300
28-01-2021,1843.939941,1898.829956,1842.640015,1863.109985,1863.109985,1773100
29-01-2021,1846.170044,1857.280029,1810.199951,1835.73999,1835.73999,1612600
01-02-2021,1853.569946,1922.391968,1850.930054,1901.349976,1901.349976,1602200
02-02-2021,1922.560059,1955.76001,1914.48999,1927.51001,1927.51001,2273700
03-02-2021,2073,2116.5,2018.380005,2070.070068,2070.070068,4118200
04-02-2021,2068.889893,2078.550049,2042.589966,2062.370117,2062.370117,1852300
05-02-2021,2070,2102.51001,2059.330078,2098,2098,1535100
08-02-2021,2105.909912,2123.547119,2072,2092.909912,2092.909912,1241900
09-02-2021,2078.540039,2105.129883,2078.540039,2083.51001,2083.51001,889900
10-02-2021,2094.209961,2108.370117,2063.090088,2095.379883,2095.379883,1135500
11-02-2021,2099.51001,2102.030029,2077.320068,2095.889893,2095.889893,945700
12-02-2021,2090.25,2108.820068,2083.129883,2104.110107,2104.110107,855700
16-02-2021,2104.360107,2152.679932,2104.360107,2121.899902,2121.899902,1133800
17-02-2021,2100,2133.659912,2098.919922,2128.310059,2128.310059,1070900
18-02-2021,2110.389893,2132.735107,2103.709961,2117.199951,2117.199951,1121600
19-02-2021,2119.27002,2130.530029,2097.409912,2101.139893,2101.139893,1457400
22-02-2021,2067,2091.419922,2062.139893,2064.879883,2064.879883,1367500
23-02-2021,2025.01001,2082.01001,2002.02002,2070.860107,2070.860107,1667400
24-02-2021,2041.829956,2100.780029,2038.130005,2095.169922,2095.169922,1248300
25-02-2021,2067.449951,2094.879883,2021.290039,2031.359985,2031.359985,1828400
26-02-2021,2050.52002,2071.01001,2016.060059,2036.859985,2036.859985,2083500
01-03-2021,2056.52002,2086.52002,2046.099976,2081.51001,2081.51001,1404500
02-03-2021,2076.189941,2104.370117,2071.26001,2075.840088,2075.840088,1134600
03-03-2021,2067.209961,2088.518066,2010,2026.709961,2026.709961,1484200
04-03-2021,2023.369995,2089.23999,2020.27002,2049.090088,2049.090088,2118000
05-03-2021,2073.120117,2118.110107,2046.415039,2108.540039,2108.540039,2195200
08-03-2021,2101.129883,2128.810059,2021.609985,2024.170044,2024.170044,1647400
09-03-2021,2070,2078.040039,2047.829956,2052.699951,2052.699951,1697300
10-03-2021,2071.76001,2075,2033.369995,2055.030029,2055.030029,1268600
11-03-2021,2074.060059,2125.699951,2072.379883,2114.77002,2114.77002,1239100
12-03-2021,2085,2090.26001,2047.550049,2061.919922,2061.919922,1725800
15-03-2021,2062.300049,2067.060059,2043.51001,2066.48999,2066.48999,1298100
16-03-2021,2078.98999,2123.560059,2070,2092.52002,2092.52002,1491600
17-03-2021,2076.030029,2109.780029,2054,2091.080078,2091.080078,1299000
18-03-2021,2061,2075.5,2033.550049,2036.219971,2036.219971,1361400
19-03-2021,2042.050049,2053.100098,2017.680054,2043.199951,2043.199951,2314900
22-03-2021,2041.839966,2057.98999,2026.069946,2038.589966,2038.589966,1954800
23-03-2021,2051.699951,2072.302002,2039.219971,2052.959961,2052.959961,1367000
24-03-2021,2065.370117,2078.209961,2041.555054,2045.060059,2045.060059,1154000
25-03-2021,2044.810059,2058.870117,2010.72998,2044.359985,2044.359985,1418900
26-03-2021,2038.859985,2050.98999,2014.02002,2035.550049,2035.550049,1493500
29-03-2021,2027.880005,2058.429932,2015.619995,2055.949951,2055.949951,1229800
30-03-2021,2057.629883,2070.780029,2044.030029,2055.540039,2055.540039,1036600
31-03-2021,2059.120117,2093.326904,2056.745117,2068.629883,2068.629883,1459900
01-04-2021,2097.949951,2142.939941,2096.889893,2137.75,2137.75,1699000
05-04-2021,2152.939941,2237.310059,2151.620117,2225.550049,2225.550049,2164900
06-04-2021,2222.5,2237.659912,2214.800049,2224.75,2224.75,1353000
07-04-2021,2226.129883,2255,2225.330078,2249.679932,2249.679932,1289900
08-04-2021,2277.959961,2284.004883,2257.679932,2265.439941,2265.439941,1358300
09-04-2021,2256.699951,2289.040039,2253.714111,2285.879883,2285.879883,1044400
12-04-2021,2266.25,2275.320068,2238.465088,2254.790039,2254.790039,1565900
13-04-2021,2261.469971,2277.209961,2256.090088,2267.27002,2267.27002,1165500
14-04-2021,2275.159912,2277.98999,2249.189941,2254.840088,2254.840088,1011000
15-04-2021,2276.97998,2306.596924,2266,2296.659912,2296.659912,1373600
16-04-2021,2303,2306.439941,2284.449951,2297.76001,2297.76001,1129800
19-04-2021,2291.97998,2318.449951,2287.844971,2302.399902,2302.399902,1234400
20-04-2021,2307.889893,2309.600098,2271.709961,2293.629883,2293.629883,1088700
21-04-2021,2285.25,2295.320068,2258.570068,2293.290039,2293.290039,1196500
22-04-2021,2293.22998,2303.761963,2256.449951,2267.919922,2267.919922,1054800
23-04-2021,2283.469971,2325.820068,2278.209961,2315.300049,2315.300049,1433500
26-04-2021,2319.929932,2341.26001,2313.840088,2326.73999,2326.73999,1041700
27-04-2021,2336,2337.449951,2304.27002,2307.120117,2307.120117,1598600
28-04-2021,2407.14502,2452.37793,2374.850098,2379.909912,2379.909912,2986400
29-04-2021,2410.330078,2436.52002,2402.280029,2429.889893,2429.889893,1977700
30-04-2021,2404.48999,2427.139893,2402.159912,2410.120117,2410.120117,1957100
03-05-2021,2402.719971,2419.699951,2384.5,2395.169922,2395.169922,1689400
04-05-2021,2369.73999,2379.26001,2311.699951,2354.25,2354.25,1756000
05-05-2021,2368.419922,2382.199951,2351.409912,2356.73999,2356.73999,1090300
06-05-2021,2350.639893,2382.709961,2342.337891,2381.350098,2381.350098,1030900
07-05-2021,2400,2416.409912,2390,2398.689941,2398.689941,1163600
10-05-2021,2374.889893,2378,2334.72998,2341.659912,2341.659912,1300300
11-05-2021,2291.860107,2322,2283,2308.76001,2308.76001,1605500
12-05-2021,2261.709961,2285.370117,2230.050049,2239.080078,2239.080078,1746700
13-05-2021,2261.090088,2276.601074,2242.719971,2261.969971,2261.969971,1333500
14-05-2021,2291.830078,2321.139893,2283.320068,2316.159912,2316.159912,1331200
17-05-2021,2309.320068,2323.340088,2295,2321.409912,2321.409912,992100
18-05-2021,2336.906006,2343.149902,2303.159912,2303.429932,2303.429932,865100
19-05-2021,2264.399902,2316.76001,2263.52002,2308.709961,2308.709961,967500
20-05-2021,2328.040039,2360.340088,2321.090088,2356.090088,2356.090088,1191600
21-05-2021,2365.98999,2369,2342.370117,2345.100098,2345.100098,1141600
24-05-2021,2367,2418.47998,2360.110107,2406.669922,2406.669922,1062200
25-05-2021,2420,2432.889893,2402.98999,2409.070068,2409.070068,941900
26-05-2021,2412.834961,2442.944092,2412.514893,2433.530029,2433.530029,1092800
27-05-2021,2436.939941,2440,2402,2402.51001,2402.51001,1948100
28-05-2021,2421.959961,2428.139893,2407.689941,2411.560059,2411.560059,1205400
01-06-2021,2422,2437.970947,2404.879883,2429.810059,2429.810059,958300
02-06-2021,2435.310059,2442,2404.199951,2421.280029,2421.280029,857900
03-06-2021,2395.02002,2409.745117,2382.830078,2404.610107,2404.610107,917300
04-06-2021,2422.52002,2453.858887,2417.77002,2451.76001,2451.76001,1297400
07-06-2021,2451.320068,2468,2441.072998,2466.090088,2466.090088,1192500
08-06-2021,2479.899902,2494.495117,2468.23999,2482.850098,2482.850098,1253000
09-06-2021,2499.5,2505,2487.330078,2491.399902,2491.399902,1006300
10-06-2021,2494.01001,2523.26001,2494,2521.600098,2521.600098,1561700
11-06-2021,2524.919922,2526.98999,2498.290039,2513.929932,2513.929932,1262000
14-06-2021,2513.389893,2528.22998,2500.939941,2527.040039,2527.040039,1127500
15-06-2021,2530.439941,2537.23999,2512.969971,2520.659912,2520.659912,1109100
16-06-2021,2524.949951,2530.469971,2482.999023,2513.929932,2513.929932,1315800
17-06-2021,2510.459961,2543.929932,2510.300049,2527.419922,2527.419922,1287800
18-06-2021,2514.110107,2527.780029,2492.060059,2511.350098,2511.350098,2665300
21-06-2021,2514.800049,2540.735107,2502.685059,2529.100098,2529.100098,1312800
22-06-2021,2529,2545.399902,2520.530029,2539.98999,2539.98999,1049200
23-06-2021,2531,2555.919922,2525.040039,2529.22998,2529.22998,984700
24-06-2021,2541.070068,2550.709961,2539.199951,2545.639893,2545.639893,946700
25-06-2021,2539.139893,2550.100098,2528.879883,2539.899902,2539.899902,1674200
28-06-2021,2540,2546.73999,2519.476074,2536.389893,2536.389893,1405500
29-06-2021,2535.449951,2540,2508.73999,2520.370117,2520.370117,1047500
30-06-2021,2513.071045,2516,2495.149902,2506.320068,2506.320068,1200300
01-07-2021,2496.995117,2529.25,2496.995117,2527.370117,2527.370117,856000
02-07-2021,2536.790039,2576.959961,2535.379883,2574.379883,2574.379883,1058000
06-07-2021,2588.98999,2597.689941,2568.179932,2595.419922,2595.419922,1067500
07-07-2021,2606.820068,2612.798096,2595.199951,2601.550049,2601.550049,834000
08-07-2021,2565,2600.649902,2560.800049,2583.540039,2583.540039,989000
09-07-2021,2578.889893,2596.98999,2578.870117,2591.48999,2591.48999,755300
12-07-2021,2596.669922,2615.399902,2592,2611.280029,2611.280029,847200
13-07-2021,2617.629883,2640.840088,2612.73999,2619.889893,2619.889893,830900
14-07-2021,2638.030029,2659.919922,2637.959961,2641.649902,2641.649902,895600
15-07-2021,2650,2651.899902,2611.959961,2625.330078,2625.330078,829300
16-07-2021,2632.820068,2643.659912,2616.429932,2636.909912,2636.909912,742800
19-07-2021,2623.110107,2624.939941,2570.73999,2585.080078,2585.080078,1285500
20-07-2021,2600.080078,2640.0271,2583.768066,2622.030029,2622.030029,954200
21-07-2021,2615.73999,2652.344971,2612.030029,2652.01001,2652.01001,737100
22-07-2021,2653,2670.090088,2648,2666.570068,2666.570068,680400
23-07-2021,2705.199951,2776.169922,2694.01001,2756.320068,2756.320068,1318900
26-07-2021,2765,2794.26001,2753.02002,2792.889893,2792.889893,1152600
27-07-2021,2800.219971,2800.219971,2702,2735.929932,2735.929932,2108200
28-07-2021,2771.23999,2793.52002,2727,2727.629883,2727.629883,2734400
29-07-2021,2727.612061,2743.030029,2722.76001,2730.810059,2730.810059,964200
30-07-2021,2710.219971,2715.427002,2696.283936,2704.419922,2704.419922,1196600
02-08-2021,2709.689941,2720.409912,2693.389893,2719.790039,2719.790039,1007000
03-08-2021,2720,2726.709961,2683.669922,2725.600098,2725.600098,953200
04-08-2021,2724.98999,2730.76001,2708.300049,2720.570068,2720.570068,826400
05-08-2021,2720.570068,2739,2712,2738.800049,2738.800049,593300
06-08-2021,2725.899902,2741.601074,2720.929932,2740.719971,2740.719971,678000
09-08-2021,2738.97998,2766.429932,2728.574951,2760.040039,2760.040039,618700
10-08-2021,2761.590088,2771.030029,2744.530029,2761.929932,2761.929932,801700
11-08-2021,2765.659912,2776.955078,2747,2753.790039,2753.790039,760200
12-08-2021,2754.26001,2768.360107,2735.580078,2767.790039,2767.790039,732300
13-08-2021,2767.149902,2773.47998,2760.100098,2768.120117,2768.120117,628600
16-08-2021,2760,2779.810059,2723.314941,2778.320068,2778.320068,902000
17-08-2021,2763.820068,2774.370117,2735.75,2746.01001,2746.01001,1063600
18-08-2021,2742.310059,2765.879883,2728.419922,2731.399902,2731.399902,746700
19-08-2021,2709.350098,2749.040039,2707.120117,2738.27002,2738.27002,914800
20-08-2021,2741.659912,2772.290039,2729.340088,2768.73999,2768.73999,778200
23-08-2021,2779.969971,2843.540039,2774.958984,2821.98999,2821.98999,1054500
24-08-2021,2830.870117,2860.149902,2827.070068,2847.969971,2847.969971,756300
25-08-2021,2857.659912,2866.26001,2848.790039,2859,2859,641900
26-08-2021,2852.370117,2862.696045,2841.830078,2842.459961,2842.459961,746100
27-08-2021,2842.25,2900.219971,2840.399902,2891.01001,2891.01001,1228100
30-08-2021,2894.090088,2929.790039,2892,2909.389893,2909.389893,845800
31-08-2021,2917.689941,2922.23999,2900,2909.23999,2909.23999,1337800
01-09-2021,2913,2936.409912,2912.290039,2916.840088,2916.840088,791200
02-09-2021,2918.98999,2926.5,2882.129883,2884.379883,2884.379883,1092200
03-09-2021,2882.919922,2907.540039,2870.100098,2895.5,2895.5,955200
07-09-2021,2894.98999,2916.47998,2890.820068,2910.379883,2910.379883,758500
08-09-2021,2907.870117,2911.02002,2884,2897.669922,2897.669922,774300
09-09-2021,2897.669922,2913.389893,2888.679932,2898.27002,2898.27002,739900
10-09-2021,2908.870117,2920.379883,2834.830078,2838.419922,2838.419922,1643500
13-09-2021,2864.02002,2883.820068,2845.649902,2869.300049,2869.300049,1008800
14-09-2021,2883.219971,2894.550049,2858.110107,2868.120117,2868.120117,945800
15-09-2021,2875.179932,2911.629883,2845.120117,2904.120117,2904.120117,1032400
16-09-2021,2902.419922,2904,2868.326904,2887.469971,2887.469971,1014600
17-09-2021,2875.969971,2884.98999,2821.22998,2829.27002,2829.27002,3002000
20-09-2021,2780.003906,2787.25,2741.060059,2780.340088,2780.340088,1745900
21-09-2021,2802.340088,2816.231934,2778.110107,2792.929932,2792.929932,906500
22-09-2021,2801.01001,2831.669922,2789.435059,2818.77002,2818.77002,1103400
23-09-2021,2832.189941,2845.049072,2821.929932,2836.530029,2836.530029,863600
24-09-2021,2818.919922,2858.070068,2817.01001,2852.659912,2852.659912,747500
27-09-2021,2831.709961,2850,2810,2830.02002,2830.02002,942200
28-09-2021,2781.77002,2792.129883,2714,2723.679932,2723.679932,2109500
29-09-2021,2742.194092,2747.969971,2685,2690.419922,2690.419922,1316900
30-09-2021,2686.5,2711.800049,2660,2665.310059,2665.310059,1764700
01-10-2021,2671.090088,2741.419922,2667.550049,2729.25,2729.25,1419400
04-10-2021,2713.98999,2714,2623.330078,2675.300049,2675.300049,1576500
05-10-2021,2680,2747.23999,2680,2723.540039,2723.540039,1206300
06-10-2021,2692.51001,2757.040039,2689.72998,2747.080078,2747.080078,988200
07-10-2021,2777.26001,2803.089111,2771.26001,2783.709961,2783.709961,912500
08-10-2021,2798.120117,2806.340088,2788.586914,2801.120117,2801.120117,946200
11-10-2021,2796,2815.272949,2776.129883,2776.949951,2776.949951,829200
12-10-2021,2792.75,2793.899902,2725,2734.26001,2734.26001,1126800
13-10-2021,2755,2771,2739.530029,2758,2758,819000
14-10-2021,2799.040039,2833.030029,2786.780029,2828.23999,2828.23999,1071300
15-10-2021,2844,2844,2821.290039,2833.5,2833.5,1062500
18-10-2021,2824.27002,2859.975098,2824.27002,2859.209961,2859.209961,828200
19-10-2021,2865.830078,2882.139893,2861.919922,2876.439941,2876.439941,765800
20-10-2021,2884.449951,2884.955078,2838.23999,2848.300049,2848.300049,897000
21-10-2021,2843.840088,2856.98999,2832.73999,2855.610107,2855.610107,742500
22-10-2021,2807.02002,2831.169922,2743.409912,2772.5,2772.5,1509100
25-10-2021,2776.209961,2784.115967,2734.969971,2775.459961,2775.459961,1054100
26-10-2021,2812.120117,2816.790039,2780.110107,2793.439941,2793.439941,1412900
27-10-2021,2798.050049,2982.360107,2798.050049,2928.550049,2928.550049,2592500
28-10-2021,2945.97998,2948.48999,2895.27002,2922.580078,2922.580078,1620900
29-10-2021,2910.399902,2972.26001,2903.330078,2965.409912,2965.409912,1447700
01-11-2021,2963.300049,2967.98999,2871.590088,2875.47998,2875.47998,1613600
02-11-2021,2896.187988,2938.409912,2892.820068,2917.26001,2917.26001,1057500
03-11-2021,2925.5,2938.209961,2901.070068,2935.800049,2935.800049,894300
04-11-2021,2944,2999,2932.699951,2973.659912,2973.659912,1235000
05-11-2021,2987.070068,3011.415039,2973.040039,2984.820068,2984.820068,1019700
08-11-2021,3000,3020.689941,2982.399902,2987.030029,2987.030029,919400
09-11-2021,2994.919922,3007.570068,2950.139893,2984.969971,2984.969971,843800
10-11-2021,2960.195068,2974,2906.5,2932.52002,2932.52002,1135400
11-11-2021,2942.139893,2970.044922,2933.889893,2934.959961,2934.959961,623200
12-11-2021,2956.629883,2997.189941,2929.080078,2992.909912,2992.909912,852000
15-11-2021,3000,3009.540039,2973.050049,2987.76001,2987.76001,812400
16-11-2021,2983.409912,2996.649902,2967,2981.52002,2981.52002,862700
17-11-2021,2984.580078,2992.52002,2971.26001,2981.23999,2981.23999,764500
18-11-2021,2982.919922,3032.199951,2979.969971,3014.179932,3014.179932,1332900
19-11-2021,3020,3037,2997.75,2999.050049,2999.050049,988300
22-11-2021,3002.834961,3014.889893,2940.110107,2941.570068,2941.570068,1230400
23-11-2021,2942.26001,2953.879883,2897.790039,2935.139893,2935.139893,906300
24-11-2021,2927,2940,2903.97998,2934.350098,2934.350098,823200
26-11-2021,2900.310059,2905.939941,2849.709961,2856.120117,2856.120117,849600
29-11-2021,2885.969971,2937.23999,2885.969971,2922.280029,2922.280029,1313800
30-11-2021,2909.004883,2932.570068,2841.320068,2849.040039,2849.040039,2079500
01-12-2021,2884.25,2929.98291,2830,2832.360107,2832.360107,1423800
02-12-2021,2836.47998,2893.5,2819.639893,2875.530029,2875.530029,1062500
03-12-2021,2889.909912,2904.26001,2823,2850.409912,2850.409912,1333800
06-12-2021,2871.47998,2887.030029,2812.939941,2875.929932,2875.929932,1109900
07-12-2021,2919,2966,2914.050049,2960.72998,2960.72998,1162900
08-12-2021,2966.629883,2983.129883,2944,2974.409912,2974.409912,948200
09-12-2021,2963.52002,2992.100098,2950.580078,2962.120117,2962.120117,929000
10-12-2021,2982,2988,2947.149902,2973.5,2973.5,1081700
13-12-2021,2968.879883,2971.25,2927.199951,2934.090088,2934.090088,1205200
14-12-2021,2895.399902,2908.840088,2844.850098,2899.409912,2899.409912,1238900
15-12-2021,2887.320068,2950.344971,2854.110107,2947.370117,2947.370117,1364000
16-12-2021,2961.540039,2971.030029,2881.850098,2896.77002,2896.77002,1370000
17-12-2021,2854.290039,2889.201904,2835.76001,2856.060059,2856.060059,2162800
20-12-2021,2813.592041,2852.209961,2805,2848.030029,2848.030029,1013200
21-12-2021,2863,2893.841064,2834.699951,2884.409912,2884.409912,977400
22-12-2021,2882,2946.060059,2879.26001,2938.97998,2938.97998,921900
23-12-2021,2941.790039,2971.451904,2939.01709,2942.850098,2942.850098,690300
